student_idx,club_idx,label
366,7,0
128,23,1
375,2,0
996,11,0
619,19,1
602,1,1
507,11,1
797,18,0
170,23,1
222,5,1
904,11,1
769,10,0
843,13,0
498,10,0
925,9,0
927,1,1
516,16,1
92,19,0
533,7,0
719,3,1
691,5,0
391,22,1
901,11,1
676,1,1
467,10,0
359,12,0
963,22,0
287,23,0
866,3,1
233,4,0
731,20,0
313,14,0
523,2,0
171,11,1
132,16,0
874,10,0
721,16,1
266,15,0
613,19,0
273,5,1
872,19,1
586,20,0
229,10,0
393,23,1
562,17,0
776,17,0
453,2,1
432,22,0
649,11,1
612,3,0
209,19,1
766,9,1
726,11,1
487,5,0
345,3,1
391,2,0
216,4,0
830,3,1
678,11,1
606,10,1
471,0,1
595,19,1
794,8,1
534,17,0
326,8,0
317,16,1
829,6,0
976,12,0
125,10,1
564,14,0
778,2,1
639,16,1
979,7,0
348,23,1
989,10,0
256,0,0
268,15,0
329,3,0
367,6,0
302,11,1
696,23,0
751,8,0
465,23,1
528,10,1
186,1,1
985,14,0
90,23,0
127,6,0
566,2,1
652,20,0
439,13,0
797,3,1
888,0,0
18,1,1
686,7,0
196,10,1
250,0,1
832,14,0
420,11,0
403,23,0
208,20,0
769,3,0
560,15,0
584,11,0
753,22,0
291,3,1
303,19,1
825,16,0
342,11,1
53,1,1
125,1,1
463,10,0
467,9,0
289,11,1
861,4,0
486,1,1
924,13,0
799,19,0
503,22,1
655,2,1
389,0,1
450,0,0
582,1,1
124,20,0
116,6,0
435,12,1
977,10,0
387,2,0
880,10,0
145,5,1
152,11,1
440,10,1
888,1,1
593,11,0
504,22,0
231,7,0
720,17,0
255,11,0
313,9,1
544,20,0
842,18,0
845,0,1
613,15,0
363,8,0
112,17,0
561,10,1
682,4,1
868,1,1
93,23,0
198,7,0
680,5,1
126,22,1
851,4,1
954,8,0
16,14,0
367,22,1
325,10,1
702,23,0
441,0,1
80,2,1
105,13,0
893,7,1
821,11,0
59,12,1
134,13,0
992,21,0
610,10,1
782,5,1
760,4,0
85,22,1
543,1,1
832,12,1
541,5,1
270,18,0
162,18,0
988,5,0
129,18,0
752,11,1
461,2,0
681,9,1
626,10,0
650,5,0
958,11,1
115,18,0
294,10,1
691,1,1
311,5,0
101,19,1
260,3,1
871,4,1
725,15,0
998,5,0
378,7,0
608,17,0
474,5,1
156,4,0
577,6,0
896,17,0
417,5,1
283,1,0
569,20,0
125,9,1
124,8,0
951,3,1
907,3,1
975,10,1
929,16,1
986,5,0
220,16,1
826,13,0
616,9,1
134,3,1
384,11,0
465,3,1
798,11,1
96,16,0
667,8,0
141,23,0
994,11,0
98,16,1
61,1,1
173,22,1
812,22,1
183,1,1
63,9,1
948,1,1
393,17,0
150,6,0
757,19,1
39,5,1
995,0,1
141,9,1
791,17,0
868,13,0
678,2,1
431,4,1
893,13,0
240,8,1
268,6,0
559,8,1
224,1,1
330,9,0
815,14,0
186,6,0
630,16,1
947,22,1
395,9,0
38,2,1
128,10,0
790,5,1
37,12,0
546,7,1
392,5,1
947,21,0
798,7,0
12,19,0
585,1,1
385,20,0
970,3,1
677,15,0
119,7,0
776,22,1
184,12,1
24,8,1
482,10,0
727,22,1
802,21,0
153,1,1
155,0,1
788,21,0
686,4,0
185,14,0
184,0,1
381,9,1
852,1,1
197,11,1
90,9,0
826,9,1
163,18,0
606,22,1
954,16,1
591,9,1
551,16,1
143,15,0
634,3,1
332,2,1
673,10,1
104,11,1
836,4,0
520,5,1
10,0,1
949,1,1
856,0,0
631,7,1
68,18,0
869,0,1
16,1,1
990,5,1
501,12,1
7,16,0
237,2,1
423,9,1
981,13,0
327,23,1
447,11,1
209,13,0
568,11,0
924,16,1
619,2,0
44,9,1
471,18,0
828,1,1
156,18,0
962,15,0
81,22,1
783,4,1
856,2,0
554,12,1
588,22,1
191,18,0
19,4,1
771,11,1
360,10,1
572,16,1
828,15,0
9,22,1
376,3,1
376,23,0
119,0,0
62,5,1
80,1,1
938,19,1
800,1,1
872,4,1
237,17,0
534,9,1
88,9,1
155,5,1
676,10,1
699,9,1
615,10,1
370,8,0
920,12,1
130,15,0
10,19,0
585,2,1
187,6,0
346,17,0
101,8,0
752,4,0
614,5,0
453,11,1
146,22,1
181,10,0
438,1,1
424,7,1
992,12,1
725,21,0
357,20,0
177,16,1
657,0,0
278,12,1
520,22,1
297,2,1
390,16,1
9,2,1
750,7,0
921,11,1
917,8,0
428,1,1
141,4,0
880,3,0
281,0,1
466,3,1
979,2,0
765,4,0
463,16,1
507,2,1
51,13,0
351,22,1
22,6,0
913,10,1
427,9,1
460,2,1
965,8,0
209,4,1
100,5,0
768,17,0
886,8,0
240,20,0
669,13,0
753,2,1
837,2,1
64,19,1
286,7,0
957,3,1
935,8,0
522,13,0
577,4,1
343,10,1
66,7,0
978,14,0
724,14,0
624,4,0
25,11,1
366,14,0
233,6,0
253,7,1
594,7,1
958,1,1
444,22,1
446,7,0
484,18,0
75,2,1
351,12,1
727,23,0
684,13,0
481,9,1
469,3,0
196,0,0
588,1,1
268,5,1
835,15,0
163,16,1
837,14,0
843,4,0
583,19,0
626,21,0
466,14,0
285,16,1
89,18,0
918,9,1
768,19,1
677,13,0
32,19,0
969,23,0
8,19,0
740,11,0
297,7,1
915,2,1
964,19,0
924,23,1
734,20,0
492,16,1
542,9,1
582,17,0
695,6,0
570,17,0
718,4,0
647,10,1
760,16,0
458,22,0
63,19,0
519,14,0
15,10,0
896,9,1
862,15,0
685,16,1
210,22,1
50,0,1
665,11,1
563,8,0
850,1,1
161,10,0
291,7,1
186,9,1
350,9,0
408,19,0
114,18,0
178,9,1
360,18,0
689,1,0
73,6,0
220,9,1
642,12,1
83,22,1
481,6,0
294,11,0
949,2,1
308,15,0
443,22,1
273,22,1
203,13,0
24,10,1
213,23,0
501,18,0
421,22,1
280,14,0
586,11,1
379,1,1
932,17,0
572,15,0
585,22,0
922,9,0
750,12,0
868,23,1
627,9,1
478,22,0
738,22,0
227,8,1
426,19,1
221,15,0
871,22,0
951,19,0
56,16,1
293,0,0
468,4,1
34,23,1
160,10,1
427,21,0
697,23,1
288,16,1
338,4,0
221,12,1
740,2,1
644,0,1
500,9,0
580,19,0
90,13,0
523,12,0
302,0,0
517,22,1
323,16,1
115,1,1
746,2,0
842,10,1
69,1,1
927,0,0
943,7,0
412,18,0
934,21,0
993,20,0
877,1,1
860,14,0
290,3,1
476,7,1
673,17,0
602,4,0
824,11,1
548,0,1
798,22,1
263,5,0
929,7,1
448,14,0
333,1,0
175,9,1
406,14,0
24,23,0
870,23,0
362,0,1
85,10,0
396,5,0
186,2,0
780,11,1
280,20,0
807,21,0
546,17,0
749,14,0
735,16,1
156,3,0
249,5,0
370,3,0
941,1,1
349,18,0
714,7,0
914,2,0
798,20,0
217,1,1
928,17,0
409,9,1
104,23,0
53,15,0
649,7,1
740,22,1
802,11,1
95,17,0
682,11,0
20,9,1
335,9,1
647,13,0
601,18,0
600,12,0
255,9,1
380,16,1
526,7,1
562,11,1
320,7,1
435,15,0
738,10,1
410,5,0
539,3,0
978,16,1
445,11,0
940,21,0
52,0,1
398,23,0
508,10,1
62,8,0
858,16,0
306,19,0
997,0,1
839,23,0
937,16,1
86,16,0
343,0,1
981,18,0
355,14,0
850,9,1
910,17,0
785,3,1
579,8,0
460,20,0
379,14,0
448,22,0
688,1,1
938,20,0
730,3,0
286,1,1
480,12,0
835,0,0
0,16,0
351,11,1
532,16,1
677,19,1
863,15,0
187,22,1
262,21,0
761,1,1
511,0,0
427,11,1
410,23,0
573,12,1
581,23,1
181,2,1
523,19,1
431,0,0
322,23,1
630,0,0
620,3,1
794,1,1
770,5,1
722,19,1
773,9,1
24,18,0
240,23,0
522,11,1
467,14,0
344,1,1
728,23,0
174,1,1
662,13,0
594,2,1
11,12,0
559,0,0
811,19,1
203,7,0
708,13,0
99,19,1
624,9,1
735,8,1
679,1,1
242,1,0
783,9,1
500,22,0
422,23,0
45,23,0
24,13,0
817,22,1
253,22,0
801,3,0
956,4,0
423,14,0
243,9,1
511,8,0
155,15,0
925,7,1
436,13,0
966,22,1
473,4,0
443,16,1
288,18,0
133,10,1
713,22,0
190,12,0
927,10,1
751,20,0
304,15,0
491,6,0
443,17,0
535,18,0
939,7,0
278,19,0
627,14,0
378,6,0
300,19,1
292,4,0
637,1,1
513,14,0
91,21,0
446,11,1
442,9,1
393,22,0
710,3,1
661,5,0
857,5,0
337,14,0
936,15,0
637,9,1
29,19,0
31,1,1
360,5,1
614,7,0
933,3,0
839,3,0
94,1,1
990,23,0
229,9,1
389,1,1
850,18,0
412,13,0
109,22,1
820,5,0
14,11,1
447,17,0
463,19,1
997,16,1
640,16,0
118,2,1
999,12,1
215,17,0
325,0,1
794,11,1
23,2,0
821,10,1
160,7,0
334,0,1
592,14,0
107,22,1
461,1,1
141,10,1
307,9,1
345,22,1
895,16,1
479,12,0
277,19,1
225,16,1
973,22,1
818,0,0
149,16,0
254,3,1
911,8,0
959,8,1
529,22,1
238,23,1
890,18,0
306,13,0
464,1,0
818,2,1
927,6,0
208,19,1
233,0,0
142,19,1
756,3,1
163,7,0
704,20,0
140,22,1
818,14,0
300,6,0
276,2,1
941,10,0
879,1,0
955,11,1
137,23,0
956,2,0
311,22,1
970,5,1
98,0,0
261,12,0
896,11,1
331,13,0
644,11,1
108,6,0
815,5,1
310,7,0
910,0,0
830,19,1
747,9,1
894,2,1
516,1,1
718,2,1
693,1,1
288,17,0
264,4,0
973,0,0
103,11,1
170,1,1
732,8,1
466,10,0
249,11,0
174,11,1
296,11,1
883,11,1
852,17,0
237,13,0
835,22,1
18,20,0
765,21,0
725,8,1
711,1,1
621,4,0
664,16,1
900,23,1
468,8,0
162,0,1
202,6,0
177,8,1
103,22,1
84,19,1
493,9,1
659,11,1
858,8,0
645,13,0
510,16,1
536,4,1
980,13,0
554,18,0
42,9,1
962,11,1
364,22,1
787,13,0
594,3,0
437,3,1
582,3,0
507,16,1
47,12,1
412,22,1
57,1,1
580,3,1
823,15,0
285,19,0
518,22,1
561,15,0
906,3,0
182,2,1
636,20,0
739,19,1
536,11,1
658,9,0
141,12,1
309,13,0
634,13,0
206,18,0
571,12,1
941,7,0
635,5,0
437,11,1
976,4,0
350,18,0
363,19,1
6,13,0
422,17,0
882,7,0
102,5,0
772,10,0
866,18,0
422,11,0
34,3,0
537,15,0
256,16,1
672,5,0
663,9,0
182,16,1
531,5,0
173,20,0
215,16,1
520,3,0
560,11,1
982,2,0
272,1,1
478,12,0
468,13,0
885,15,0
200,12,1
714,11,1
937,21,0
935,13,0
243,0,0
60,11,1
930,16,0
315,15,0
737,16,1
132,21,0
508,2,0
489,4,0
813,23,1
821,1,1
655,22,0
351,2,0
613,3,0
419,16,1
573,8,0
891,10,0
223,2,0
717,0,1
153,11,1
49,10,1
228,10,1
472,5,0
639,10,0
120,23,1
794,5,0
97,1,1
766,8,1
76,19,0
425,11,1
986,12,0
170,16,1
832,15,0
748,1,1
134,10,0
840,11,0
317,9,1
214,11,1
935,16,1
908,0,0
812,12,0
808,20,0
445,20,0
98,10,1
401,12,0
850,6,0
92,18,0
235,6,0
400,1,0
709,10,1
92,7,1
899,1,1
451,14,0
767,9,0
446,19,0
482,13,0
220,14,0
930,9,1
645,10,0
781,23,1
384,16,1
853,1,0
118,7,1
697,15,0
523,22,1
146,4,0
61,20,0
997,11,1
848,8,0
362,17,0
238,10,1
339,18,0
70,15,0
559,1,1
580,15,0
580,11,1
505,7,0
782,23,1
194,5,0
749,10,1
440,11,0
277,13,0
761,13,0
557,10,1
596,12,0
742,3,1
963,1,1
668,1,1
427,14,0
715,3,1
617,1,1
19,7,0
600,17,0
694,9,1
554,22,1
849,21,0
654,6,0
441,14,0
660,10,1
849,4,1
447,13,0
48,11,1
19,10,0
945,18,0
180,10,1
134,8,0
988,17,0
217,8,1
679,15,0
567,19,0
838,17,0
931,19,0
385,19,0
36,7,1
841,4,1
135,8,1
8,6,0
161,2,1
306,10,1
507,1,1
848,2,1
282,9,1
236,2,1
248,1,1
6,3,0
154,16,1
254,6,0
757,21,0
592,16,1
816,0,1
57,16,0
742,14,0
660,23,0
256,20,0
651,18,0
591,11,1
219,22,1
874,6,0
206,2,1
304,5,0
197,4,1
670,22,1
104,18,0
493,12,1
494,6,0
399,10,0
150,21,0
100,10,1
352,0,0
192,13,0
434,11,1
665,21,0
121,12,0
134,2,1
758,1,1
612,13,0
694,17,0
98,23,0
918,14,0
446,13,0
771,23,0
68,3,1
63,22,1
739,13,0
848,1,0
128,1,1
46,2,1
920,9,0
4,8,1
190,5,1
68,11,1
868,16,1
786,20,0
120,17,0
552,10,1
394,22,1
496,15,0
584,22,0
442,16,0
845,16,1
903,5,0
751,11,1
640,21,0
83,3,0
308,1,1
54,10,0
914,19,1
73,5,1
138,22,1
668,16,0
418,19,1
288,14,0
39,0,0
618,19,0
368,21,0
491,7,0
448,12,1
893,2,1
666,7,1
919,9,0
297,4,1
88,1,1
270,3,1
266,13,0
458,9,1
539,12,0
13,9,0
67,2,0
194,3,0
64,1,0
322,8,0
353,14,0
881,5,1
103,4,0
366,10,1
359,11,1
631,14,0
305,16,0
605,9,1
272,7,0
717,13,0
560,3,1
172,13,0
579,16,1
466,2,1
372,13,0
801,7,0
500,4,0
552,1,1
714,14,0
609,2,0
102,22,1
653,22,1
26,10,1
139,11,1
215,3,0
497,16,1
107,11,1
583,11,1
448,23,1
130,19,1
515,3,0
293,12,1
57,23,0
908,1,1
911,19,1
265,6,0
436,6,0
681,0,0
178,10,1
635,16,1
930,22,0
364,8,0
633,11,1
628,20,0
578,10,1
317,8,0
204,17,0
917,23,0
435,7,0
334,18,0
610,7,0
919,21,0
46,10,1
545,9,1
639,1,1
708,0,0
764,9,1
56,12,0
753,8,1
200,10,1
667,12,0
857,7,1
567,18,0
545,3,0
472,10,0
540,4,0
512,12,1
605,8,1
591,4,1
829,1,1
855,1,1
175,0,0
775,10,1
840,1,1
896,6,0
546,11,0
39,19,0
31,12,0
809,23,0
812,16,0
219,10,1
196,19,0
893,4,0
628,3,1
654,17,0
858,5,1
636,16,1
319,11,1
770,14,0
108,17,0
494,5,1
679,9,1
210,13,0
661,2,1
514,21,0
373,14,0
13,17,0
605,2,0
553,15,0
394,2,0
575,17,0
5,22,1
629,12,0
841,2,0
419,11,1
688,9,1
392,11,1
59,2,1
433,16,1
864,8,0
837,23,0
411,3,1
757,1,1
658,2,0
424,6,0
721,22,0
827,21,0
245,12,1
746,11,1
571,16,1
900,1,1
229,14,0
529,21,0
649,13,0
845,3,1
811,13,0
960,10,1
814,12,0
382,13,0
369,10,0
9,6,0
321,17,0
843,16,1
744,14,0
236,1,1
257,0,1
150,23,1
663,8,0
994,1,1
758,2,1
789,2,1
732,3,0
639,9,1
568,5,1
711,10,1
587,12,1
807,10,1
474,9,0
626,14,0
353,16,1
785,13,0
4,10,1
993,8,0
314,0,0
112,9,1
19,11,1
492,10,1
321,9,1
29,6,0
734,7,1
630,3,0
970,23,0
754,2,0
142,8,0
342,18,0
426,6,0
686,18,0
894,12,0
97,19,0
825,5,1
730,5,0
845,13,0
209,10,1
992,7,1
545,20,0
652,5,0
242,2,1
300,1,0
605,12,0
808,16,1
121,17,0
434,22,1
426,15,0
804,9,0
301,12,0
887,19,1
880,2,1
210,10,0
756,22,1
968,0,0
387,3,1
200,13,0
577,1,0
97,15,0
953,14,0
811,18,0
772,11,1
308,16,1
824,17,0
623,6,0
454,5,0
188,9,1
73,0,1
861,22,1
686,22,1
530,11,1
718,12,0
115,11,1
94,12,0
37,2,0
483,2,0
801,14,0
502,16,1
468,2,1
300,15,0
557,8,0
570,22,1
83,21,0
882,16,1
580,9,0
159,22,1
274,16,0
236,15,0
114,23,1
555,19,0
672,23,1
386,7,1
955,10,0
135,19,0
623,9,1
941,2,1
726,12,1
263,16,1
589,3,1
421,16,0
931,16,1
222,1,1
7,3,1
388,13,0
816,22,1
506,16,1
459,17,0
284,23,0
634,2,0
544,9,1
575,1,1
432,9,1
540,11,1
422,2,1
612,16,1
358,1,1
331,16,1
600,22,1
416,16,1
783,0,0
660,0,1
101,14,0
290,13,0
862,7,0
991,15,0
486,6,0
833,9,1
274,8,0
717,4,1
323,23,1
76,8,1
947,16,0
716,12,1
457,21,0
253,8,0
193,16,1
817,11,0
304,23,0
304,3,1
710,11,0
923,9,1
73,22,1
93,1,1
100,8,1
362,13,0
563,11,1
109,0,0
43,10,1
343,19,0
756,19,0
825,15,0
26,2,0
766,13,0
154,6,0
766,1,1
428,3,0
401,17,0
316,7,1
705,12,0
742,6,0
922,11,1
638,18,0
66,20,0
849,19,1
847,6,0
926,16,1
621,1,1
161,16,0
376,1,1
293,14,0
774,4,0
776,10,0
964,16,0
778,11,0
904,12,0
651,22,0
107,9,0
859,13,0
342,12,1
553,11,1
998,17,0
570,12,0
533,14,0
913,12,0
806,20,0
506,11,0
530,1,1
707,13,0
501,2,0
804,10,1
547,10,1
797,16,1
46,1,0
182,12,1
411,23,0
130,12,1
194,10,1
666,21,0
162,2,0
578,14,0
818,9,1
431,23,0
633,17,0
293,23,1
712,5,0
727,7,1
0,8,1
798,8,0
110,3,1
284,10,1
599,8,0
335,16,0
836,7,1
515,12,1
934,20,0
240,9,1
751,6,0
242,16,1
834,11,1
876,3,0
886,22,1
530,3,0
456,7,1
462,9,0
80,22,1
848,7,1
164,4,0
88,8,1
672,9,0
168,1,1
924,1,1
496,4,0
330,0,1
657,23,0
160,23,1
446,3,1
324,15,0
696,3,1
503,19,1
550,22,0
250,22,0
991,20,0
129,21,0
667,1,1
370,22,1
320,14,0
516,12,1
690,10,1
512,10,1
499,22,0
147,16,1
361,10,1
188,3,1
56,4,1
414,4,0
537,1,1
875,14,0
950,0,0
573,5,1
205,7,0
942,5,1
747,5,0
172,12,0
111,3,0
800,6,0
202,23,0
264,2,1
786,13,0
15,9,1
917,4,1
740,7,1
328,4,0
622,7,0
865,9,1
627,0,1
576,9,1
570,16,1
143,13,0
920,3,0
495,16,1
832,23,0
991,9,1
515,9,1
253,16,1
302,8,0
708,11,1
382,9,1
764,11,1
971,11,1
57,4,1
781,9,1
64,3,0
911,21,0
183,9,1
856,11,0
68,12,0
358,10,1
256,12,1
268,9,0
419,8,0
287,3,1
949,15,0
69,21,0
831,19,1
923,22,1
328,6,0
217,7,0
366,22,1
383,18,0
632,11,1
100,9,1
156,16,1
947,12,1
282,8,0
476,2,1
555,12,1
495,22,1
240,22,0
656,3,1
955,22,1
105,18,0
715,11,1
377,9,1
962,22,1
837,8,1
303,9,1
361,17,0
242,10,0
428,4,0
631,9,1
440,21,0
785,14,0
857,2,1
926,23,0
617,19,0
885,18,0
91,5,1
368,7,1
54,16,1
39,1,1
120,20,0
968,1,0
235,16,1
359,20,0
822,18,0
211,2,0
583,21,0
891,2,1
394,11,1
135,1,1
828,11,1
229,3,0
505,16,1
866,2,0
787,16,0
708,16,1
100,23,0
952,11,1
664,6,0
975,23,0
333,12,1
613,11,1
79,17,0
74,1,0
897,0,0
917,22,1
191,22,1
528,8,0
333,19,1
56,22,1
413,8,0
176,19,0
107,1,0
731,22,1
838,16,1
651,0,1
176,22,1
418,4,1
876,15,0
675,18,0
278,1,0
205,3,0
832,1,1
879,3,1
677,0,1
465,0,0
973,11,1
939,4,1
883,5,1
214,19,0
818,13,0
330,6,0
707,11,1
235,7,1
902,8,0
811,2,0
373,17,0
336,1,1
21,18,0
444,0,0
430,16,0
650,18,0
689,8,0
735,9,1
261,2,1
567,23,1
580,16,1
878,4,0
352,20,0
363,16,1
716,13,0
694,16,1
204,16,1
755,6,0
197,0,0
29,8,1
832,16,1
723,18,0
348,11,0
185,7,1
234,13,0
188,23,0
765,11,1
569,13,0
884,0,0
885,7,1
67,15,0
491,0,0
556,6,0
127,17,0
154,21,0
805,1,1
755,7,1
931,21,0
773,8,0
341,9,1
406,0,0
457,3,1
298,2,1
726,6,0
707,2,1
51,5,0
221,20,0
278,0,1
346,4,1
953,10,0
548,9,0
987,17,0
216,3,1
263,17,0
185,6,0
606,2,0
415,4,1
538,1,0
197,19,1
10,3,1
492,2,1
174,9,1
375,14,0
106,5,0
569,3,1
305,9,1
410,4,0
309,4,1
271,2,0
199,11,1
682,20,0
927,4,0
933,8,1
390,15,0
543,2,1
15,21,0
619,18,0
669,12,1
628,17,0
123,7,0
945,17,0
813,13,0
327,1,1
428,23,1
774,7,1
382,12,0
245,15,0
857,22,0
249,10,1
296,22,1
79,12,1
739,9,1
831,0,1
307,23,0
777,11,0
357,21,0
874,4,1
135,7,0
392,3,1
7,9,1
179,16,1
197,2,0
78,8,0
455,9,1
862,23,0
988,11,1
944,6,0
403,22,1
712,1,0
820,23,0
709,9,1
553,9,1
151,1,0
199,22,1
695,12,0
16,23,1
215,6,0
315,11,1
338,10,0
355,22,1
81,9,1
619,16,0
428,22,1
721,12,1
515,15,0
733,3,0
596,15,0
292,11,1
637,11,0
42,17,0
43,12,0
860,0,1
606,7,0
557,14,0
44,12,0
739,2,0
886,19,0
352,17,0
456,0,0
448,11,0
212,19,1
433,9,1
828,10,1
980,0,1
369,22,1
107,19,1
504,14,0
187,5,0
956,22,0
819,4,0
823,10,1
727,6,0
268,19,1
330,7,1
267,2,1
969,16,1
335,15,0
832,0,1
471,4,0
264,7,1
657,5,0
661,22,1
613,16,1
680,1,0
803,7,1
336,7,0
566,11,1
321,7,0
558,3,0
214,8,0
173,16,1
983,8,0
470,2,1
612,18,0
171,16,1
599,7,0
628,2,0
363,5,0
159,20,0
69,19,0
574,22,1
660,9,1
384,10,1
856,3,0
122,0,0
895,22,0
319,8,0
399,16,1
178,2,0
173,9,1
151,5,1
13,1,1
565,10,0
61,17,0
550,8,1
932,22,1
373,19,1
425,22,0
498,6,0
427,22,1
21,1,1
225,1,0
717,22,0
748,19,0
495,14,0
859,5,0
22,21,0
288,10,1
904,10,0
415,3,0
613,18,0
834,21,0
304,2,1
1,1,1
916,13,0
537,7,0
463,17,0
955,16,1
188,1,0
255,16,1
107,13,0
13,20,0
564,4,1
712,7,1
266,17,0
26,1,0
393,2,1
767,10,1
6,16,1
754,8,1
985,15,0
997,22,1
53,13,0
688,11,0
217,9,1
306,1,1
499,2,1
138,19,1
1,17,0
462,20,0
520,20,0
206,23,1
101,21,0
198,9,1
744,15,0
601,15,0
784,3,1
993,1,1
251,15,0
637,15,0
364,10,0
644,6,0
590,22,1
859,9,1
390,14,0
933,9,1
199,18,0
442,0,0
342,8,0
106,8,1
434,7,0
267,15,0
262,9,1
39,14,0
437,17,0
701,9,0
848,19,0
477,23,1
851,19,1
653,1,1
600,11,1
824,12,1
922,12,1
332,4,0
482,1,1
477,3,1
989,1,1
472,20,0
674,16,1
395,23,0
766,11,1
236,22,1
530,22,1
812,13,0
513,16,1
967,4,0
345,2,1
657,10,1
610,3,1
966,7,1
174,16,0
976,3,1
600,21,0
269,8,1
387,14,0
206,22,1
219,19,0
560,10,0
645,2,1
366,12,1
40,11,1
363,20,0
235,19,0
327,17,0
29,23,1
523,17,0
106,21,0
727,2,1
552,0,1
671,13,0
200,5,0
157,16,0
417,9,0
498,8,1
424,22,1
648,16,0
983,14,0
269,6,0
79,22,1
371,10,1
713,16,1
479,11,1
507,7,0
898,10,0
282,2,1
819,6,0
455,12,1
30,22,1
219,4,0
971,7,0
383,12,0
560,2,1
102,16,0
475,2,1
779,18,0
56,11,0
2,13,0
833,21,0
906,10,1
82,7,1
195,18,0
971,5,0
576,14,0
338,0,1
100,14,0
749,20,0
430,22,1
417,3,1
540,6,0
140,23,1
980,1,0
767,14,0
721,9,1
173,2,0
495,11,0
525,20,0
101,22,1
1,16,0
777,12,0
749,0,1
391,11,0
945,15,0
412,10,1
993,3,0
192,14,0
901,15,0
31,11,1
394,15,0
482,11,1
157,21,0
868,22,0
456,4,0
356,11,1
491,9,1
254,23,0
624,23,1
348,8,0
117,5,1
184,2,0
211,6,0
735,6,0
318,14,0
993,9,1
158,11,0
581,19,1
20,11,1
301,9,1
536,15,0
156,13,0
295,10,1
847,19,1
759,1,1
239,13,0
499,17,0
635,4,1
925,16,1
99,15,0
887,1,1
907,19,0
524,22,1
650,15,0
814,2,1
826,7,1
83,20,0
211,3,0
934,2,1
894,22,1
203,11,0
580,12,1
276,20,0
593,23,0
858,23,1
186,8,1
777,22,1
819,7,0
383,22,1
668,11,1
557,9,0
797,13,0
332,11,1
538,22,0
295,14,0
768,4,1
217,13,0
501,20,0
104,3,1
360,2,0
241,12,0
24,6,0
638,6,0
404,12,0
252,5,1
866,22,1
803,3,1
320,16,1
143,9,1
421,12,0
87,14,0
823,13,0
547,8,0
33,1,1
762,1,1
350,19,0
383,1,1
671,6,0
389,17,0
34,7,0
43,5,0
357,13,0
339,17,0
103,15,0
880,1,1
810,19,1
859,2,1
773,2,1
860,16,1
671,9,0
931,11,1
909,10,0
149,21,0
41,12,0
482,22,1
268,4,1
226,7,1
932,11,1
543,22,1
875,16,0
80,11,1
811,16,1
45,13,0
587,3,1
376,8,0
87,7,1
798,19,0
896,1,1
404,7,1
980,15,0
345,11,1
685,17,0
396,19,1
961,10,0
962,21,0
318,5,0
957,19,0
683,15,0
33,3,1
407,9,0
408,15,0
995,16,1
165,2,1
328,12,1
211,4,1
736,15,0
748,9,1
168,16,0
907,0,0
661,19,0
692,21,0
651,16,1
724,3,0
636,0,0
930,23,0
49,0,1
893,6,0
153,2,0
70,3,1
99,22,0
97,23,1
279,23,0
274,2,1
279,8,1
63,23,1
59,4,0
762,18,0
438,21,0
500,16,1
648,7,0
448,1,1
982,11,1
567,1,1
996,18,0
676,21,0
362,11,1
301,17,0
301,11,1
222,9,1
50,10,0
890,4,0
930,3,1
664,12,0
592,3,1
399,7,0
545,23,1
90,5,1
841,9,0
332,22,1
645,7,1
718,16,1
456,2,1
287,12,0
1,5,1
888,4,0
18,12,0
501,11,1
742,17,0
913,2,1
344,15,0
774,13,0
447,7,0
903,19,0
745,17,0
72,12,0
541,7,0
630,19,1
940,22,1
137,8,0
950,1,1
837,16,0
698,21,0
287,5,0
37,22,0
882,0,0
388,17,0
42,4,0
101,0,1
82,15,0
561,2,0
844,1,1
955,14,0
954,10,1
525,11,1
192,8,1
56,19,1
764,19,0
53,8,1
195,5,1
927,9,1
282,11,1
257,6,0
124,12,1
636,2,1
66,16,0
215,1,1
788,2,1
221,3,0
471,19,0
463,0,1
319,18,0
217,10,1
59,16,1
111,13,0
670,10,0
487,4,1
755,0,1
319,17,0
816,2,1
790,16,0
20,4,0
710,17,0
651,10,1
469,10,1
853,14,0
797,0,0
41,7,0
865,3,0
721,4,1
309,19,1
147,5,1
993,22,1
305,20,0
869,17,0
277,22,1
846,7,1
211,5,1
467,16,1
262,8,1
919,22,1
521,22,0
382,5,0
69,6,0
920,2,0
55,10,0
465,10,0
391,20,0
771,1,1
55,22,1
980,19,1
416,11,1
570,18,0
589,4,0
678,8,0
68,13,0
831,8,0
137,12,0
914,23,0
93,18,0
120,1,1
226,6,0
829,12,1
92,8,0
950,6,0
965,1,1
81,12,1
592,8,0
880,14,0
912,19,0
478,9,1
124,15,0
146,8,0
810,11,1
442,2,1
459,10,0
264,10,0
968,14,0
601,0,1
585,8,0
712,11,1
953,1,1
588,2,1
44,0,0
943,10,1
698,12,0
472,9,1
76,23,1
277,16,1
663,19,1
412,6,0
478,1,1
364,3,1
931,8,0
336,4,1
863,2,1
906,19,0
775,15,0
109,16,1
430,1,1
246,1,1
609,1,1
66,5,1
121,16,1
881,22,0
417,19,0
234,7,1
519,10,1
365,23,0
237,14,0
880,11,1
960,19,0
656,11,0
407,11,1
748,10,1
101,5,0
799,13,0
694,15,0
144,18,0
699,13,0
807,1,1
165,5,0
597,16,1
900,12,0
889,9,0
948,7,0
43,1,1
637,6,0
849,1,1
593,0,1
789,23,1
906,17,0
110,12,0
984,0,1
616,1,1
777,10,1
724,9,1
759,15,0
698,16,1
477,7,1
228,12,1
457,16,1
751,21,0
627,23,0
382,16,0
932,12,0
568,6,0
44,10,0
532,1,1
494,15,0
69,20,0
94,4,1
681,16,0
609,22,1
15,2,1
0,9,1
910,11,1
181,20,0
221,16,1
441,16,1
923,19,0
78,21,0
495,15,0
149,1,1
526,22,1
33,18,0
480,22,0
630,20,0
766,3,0
445,8,1
836,21,0
42,2,0
471,16,1
418,2,0
414,10,1
304,9,0
95,7,1
151,10,1
660,18,0
484,5,0
980,22,0
51,9,1
411,11,1
732,12,0
164,15,0
623,21,0
583,16,1
738,1,1
7,15,0
820,9,1
11,19,1
646,12,1
892,5,0
523,9,1
386,0,1
866,5,1
736,9,0
229,2,1
69,10,1
167,15,0
488,7,1
384,3,1
716,22,1
731,16,1
67,4,1
159,12,0
163,19,1
285,3,0
823,11,0
257,11,0
272,10,0
277,5,1
71,13,0
346,18,0
665,8,0
192,9,1
918,5,1
98,22,1
252,16,0
517,1,1
71,8,0
405,4,0
204,22,0
419,10,1
126,4,0
597,22,0
301,4,0
568,12,1
730,1,1
877,22,1
790,21,0
481,22,1
315,0,0
890,8,1
745,11,1
444,11,1
306,15,0
163,23,1
853,22,0
716,16,1
269,10,1
181,9,0
459,14,0
476,19,0
98,5,0
132,22,1
423,4,1
249,18,0
322,12,1
357,2,1
873,13,0
646,9,1
723,22,0
833,10,1
728,13,0
819,16,1
118,18,0
936,14,0
225,15,0
323,14,0
704,9,1
887,4,1
813,6,0
764,2,0
819,9,1
528,11,1
280,10,1
637,2,0
850,4,0
730,19,0
355,12,1
470,11,1
154,3,0
908,2,0
988,9,0
212,16,1
826,22,1
598,3,0
945,5,1
586,9,0
966,3,1
426,10,0
728,16,1
490,19,1
146,23,1
370,19,1
28,4,1
945,4,0
930,13,0
921,12,1
362,21,0
289,15,0
720,4,0
495,9,1
488,0,0
744,7,0
61,15,0
168,8,1
223,7,0
320,23,0
453,0,0
137,5,1
637,17,0
551,10,1
394,0,1
686,20,0
508,1,1
445,9,1
283,16,1
770,12,0
709,0,1
490,4,1
800,9,1
869,16,1
386,16,1
534,18,0
487,18,0
559,5,1
829,23,0
316,1,1
467,19,1
336,22,0
981,6,0
302,3,1
682,2,0
388,8,0
503,3,0
650,3,1
236,18,0
195,10,0
457,9,1
722,1,1
64,11,1
682,5,1
695,3,1
128,9,1
721,6,0
772,2,0
405,16,0
227,16,1
501,1,1
229,5,1
663,7,1
38,11,1
988,23,0
170,2,0
129,5,1
787,11,1
897,6,0
800,3,0
86,10,1
170,22,0
91,0,1
729,8,0
151,11,1
312,2,0
909,22,0
840,9,1
112,12,0
77,10,0
756,17,0
222,23,0
185,16,1
827,13,0
658,22,1
767,6,0
679,10,1
349,3,1
259,2,0
858,12,0
98,11,1
210,7,1
552,16,1
492,18,0
414,6,0
192,19,0
555,2,0
749,23,0
720,22,1
176,7,1
740,17,0
406,16,0
691,14,0
565,9,1
962,5,1
270,5,0
795,3,0
13,18,0
453,19,0
55,14,0
166,5,0
792,11,1
654,5,1
508,9,1
796,15,0
10,23,0
16,15,0
778,14,0
99,13,0
179,0,1
561,16,0
699,1,1
640,19,0
361,9,1
835,19,1
143,19,1
62,10,0
64,22,1
595,9,1
362,3,1
250,7,0
947,10,1
257,21,0
67,22,1
611,14,0
84,16,1
622,12,1
146,16,0
602,9,1
636,3,1
675,4,1
750,11,1
286,9,1
513,0,1
554,16,0
591,19,1
418,22,1
713,2,1
224,15,0
347,2,0
365,3,1
703,19,0
586,19,1
996,15,0
603,16,1
988,8,0
135,12,0
516,7,0
286,4,0
87,3,1
850,8,1
816,15,0
931,23,0
210,3,0
839,22,1
640,10,0
291,19,0
707,14,0
998,11,1
759,9,1
243,18,0
7,1,1
860,1,1
349,2,0
108,15,0
360,11,0
770,17,0
119,6,0
367,16,1
362,22,1
858,14,0
851,3,0
823,18,0
414,14,0
50,1,1
764,14,0
312,8,0
752,9,1
166,11,1
174,8,1
350,22,1
11,18,0
971,3,1
813,1,1
207,8,1
166,3,1
318,7,1
558,23,0
216,20,0
348,5,0
3,22,1
263,6,0
508,11,0
190,2,1
429,11,1
493,7,0
132,5,1
801,4,1
407,13,0
487,8,1
518,1,1
148,11,1
461,9,1
941,11,1
401,22,1
398,14,0
644,22,1
156,1,1
685,13,0
783,22,1
876,16,1
401,16,1
94,10,0
397,3,0
544,17,0
604,0,1
307,3,0
721,2,0
725,2,0
404,2,1
377,5,0
496,16,0
877,9,0
15,1,1
453,1,1
444,17,0
360,0,1
750,16,1
827,4,0
665,22,1
160,4,0
318,6,0
406,22,1
786,22,1
96,10,1
78,10,1
638,11,0
260,19,1
708,12,0
801,11,0
867,10,0
728,10,1
546,22,1
741,0,1
690,9,0
276,1,0
242,8,0
458,16,0
16,16,0
800,19,0
855,4,1
656,0,1
821,23,1
92,2,1
439,3,1
727,13,0
74,20,0
450,5,0
808,23,0
536,10,0
258,1,1
197,5,0
245,11,1
973,21,0
926,8,0
301,21,0
874,12,1
775,1,1
288,4,0
487,19,1
350,3,1
531,19,1
457,18,0
409,10,0
472,22,0
509,2,1
158,1,1
858,20,0
79,5,1
883,22,1
931,0,1
915,9,1
860,5,0
41,8,1
397,16,1
822,11,1
139,14,0
502,11,1
298,16,1
327,15,0
977,8,0
371,2,0
982,23,0
319,0,1
276,23,0
879,20,0
538,23,1
327,11,0
503,11,1
374,8,1
546,18,0
370,0,1
34,9,1
221,0,1
898,3,0
805,23,0
26,9,0
455,22,0
569,12,0
800,21,0
661,7,0
154,19,1
209,12,0
884,23,1
535,1,1
839,10,1
560,22,1
974,19,0
993,5,0
835,11,1
439,7,0
391,12,0
784,15,0
915,20,0
379,19,0
620,19,0
293,1,1
126,6,0
446,1,1
373,2,0
198,8,1
919,16,1
341,11,1
942,23,0
136,16,0
144,10,1
711,16,0
480,14,0
607,18,0
856,5,1
588,18,0
680,9,1
199,1,1
437,15,0
148,19,0
80,8,0
110,21,0
794,10,1
552,3,0
939,9,1
2,2,0
589,18,0
823,22,1
565,1,0
543,19,0
600,5,1
723,2,1
545,11,0
84,9,0
958,14,0
889,1,1
244,21,0
347,12,1
788,12,0
847,4,1
502,14,0
534,23,0
193,13,0
209,1,0
150,1,1
353,0,1
475,22,1
593,12,1
887,3,0
42,8,1
890,17,0
788,18,0
484,16,1
296,10,1
751,22,1
428,5,1
168,18,0
272,3,1
384,1,1
792,16,1
104,5,0
687,0,0
126,3,0
377,13,0
426,0,1
226,12,0
690,16,1
343,14,0
706,21,0
204,5,0
348,19,1
314,4,0
89,9,1
816,4,0
813,22,1
125,3,0
335,7,1
144,6,0
139,23,0
9,3,0
190,1,1
977,11,0
843,12,1
234,3,1
329,4,0
518,2,1
348,15,0
180,1,1
596,10,1
700,7,1
687,4,0
752,22,1
756,7,0
828,21,0
608,1,0
451,20,0
224,11,1
701,0,1
3,21,0
104,22,1
77,0,1
348,16,1
754,1,1
497,4,1
976,9,1
250,5,0
627,7,0
227,9,1
761,10,1
926,18,0
418,8,0
925,11,1
489,11,1
695,1,1
308,17,0
87,12,1
663,4,1
778,1,1
33,0,1
228,16,1
402,22,1
96,9,1
42,12,0
470,4,0
750,19,1
120,2,1
956,0,1
835,10,1
812,10,1
136,10,1
324,1,1
492,7,1
979,18,0
503,4,1
552,15,0
577,5,0
427,2,1
882,9,1
221,10,1
292,14,0
216,13,0
52,21,0
481,3,0
278,5,0
603,23,0
426,22,1
517,19,1
91,22,1
22,22,0
38,16,0
935,11,1
769,2,0
831,9,1
114,8,0
543,6,0
164,19,0
138,10,0
279,19,1
515,2,0
230,20,0
106,11,0
256,8,0
420,17,0
483,13,0
164,12,0
488,18,0
434,17,0
240,10,1
739,10,1
582,5,0
600,2,1
223,22,0
947,11,1
532,11,1
729,23,0
774,11,0
395,3,1
976,1,1
228,15,0
371,18,0
703,16,1
619,11,0
467,4,1
25,4,0
479,7,1
704,15,0
60,20,0
878,17,0
388,11,1
44,4,1
512,4,0
484,7,1
147,3,0
840,16,1
2,9,1
354,6,0
738,13,0
189,3,0
604,22,1
145,6,0
824,9,1
760,9,0
787,1,1
215,2,1
160,9,1
948,22,1
279,18,0
736,22,1
279,4,1
110,23,0
92,23,0
522,3,1
558,1,0
679,4,0
607,5,1
155,9,1
317,5,1
137,14,0
674,0,0
688,10,1
33,17,0
584,19,1
436,10,0
404,22,1
652,7,0
818,23,0
787,7,0
377,10,1
966,23,1
526,11,0
991,0,1
816,11,0
608,12,0
986,16,1
15,14,0
849,9,1
222,10,1
338,19,0
198,14,0
673,16,1
327,4,0
190,16,0
150,15,0
265,17,0
947,0,0
696,0,0
284,8,0
121,9,1
632,1,1
46,16,1
921,2,0
547,19,0
573,22,1
27,13,0
123,16,1
641,19,0
529,5,1
478,19,1
525,3,0
513,7,0
719,4,0
448,10,1
103,9,1
410,16,1
480,9,1
39,9,1
905,19,1
145,12,0
705,10,1
47,11,0
25,5,1
454,9,0
223,16,1
111,7,1
678,9,0
503,6,0
753,21,0
963,4,0
583,22,0
119,4,0
803,11,1
530,19,0
902,6,0
454,0,0
570,2,0
38,23,0
479,1,1
134,23,1
192,16,1
683,8,0
859,10,1
515,22,0
445,19,0
768,3,1
698,4,0
419,23,0
372,16,1
924,14,0
627,20,0
52,16,1
510,8,0
512,21,0
809,8,0
673,23,1
434,4,1
292,9,1
691,10,1
527,10,1
843,11,1
100,1,1
449,8,0
869,21,0
59,7,1
941,6,0
564,2,1
640,22,1
684,14,0
902,12,1
803,2,1
120,14,0
122,13,0
634,22,1
571,3,1
185,12,1
266,22,1
460,4,0
20,2,1
75,14,0
413,12,0
325,1,0
886,5,1
259,22,1
878,1,1
404,3,1
553,19,0
792,18,0
165,19,1
820,10,1
207,13,0
895,0,0
402,4,0
912,4,0
589,22,1
847,23,0
611,9,1
40,16,1
344,10,0
199,6,0
758,22,1
136,5,1
486,11,1
380,8,0
656,14,0
548,22,1
63,7,0
447,22,1
105,16,1
916,15,0
685,12,0
408,10,1
680,8,0
812,19,1
390,1,1
248,6,0
458,23,0
408,16,1
18,16,1
444,2,0
966,1,0
397,6,0
859,17,0
483,23,0
880,9,0
479,2,1
598,22,0
534,1,1
528,15,0
922,16,1
306,9,0
514,19,1
156,11,1
611,19,1
604,7,0
357,15,0
160,20,0
80,6,0
700,1,0
751,5,0
212,4,1
912,23,0
72,22,1
559,11,0
355,7,0
65,15,0
152,2,0
624,19,0
597,6,0
123,12,1
457,20,0
276,16,1
412,23,1
539,0,1
268,21,0
768,21,0
406,5,1
997,4,0
996,19,0
522,17,0
204,12,0
477,20,0
442,14,0
409,0,0
354,21,0
712,22,0
445,3,1
256,19,1
383,23,0
834,3,1
407,16,1
878,10,1
915,19,0
481,10,0
137,10,1
322,10,0
690,8,0
607,22,1
640,7,1
460,16,1
28,13,0
32,16,1
169,8,0
435,10,1
858,22,1
119,11,1
390,11,1
969,8,0
47,10,1
850,12,0
17,7,0
971,2,1
227,1,1
95,2,1
928,22,1
230,18,0
869,1,1
527,16,1
929,0,0
705,2,1
175,10,0
889,11,1
218,5,1
282,0,0
675,1,1
28,10,0
234,2,1
208,0,0
942,12,0
40,8,0
491,21,0
512,20,0
884,5,1
914,16,0
39,8,0
129,12,1
194,16,1
666,18,0
990,10,1
749,9,0
439,6,0
592,1,0
116,12,1
841,11,1
943,1,1
563,22,1
321,12,0
608,14,0
201,1,1
273,21,0
565,11,0
42,10,1
992,3,1
1,2,1
333,4,1
55,12,0
732,22,1
480,10,1
777,5,1
645,12,1
830,12,0
65,12,1
668,15,0
681,23,1
507,15,0
1,7,0
178,1,1
10,20,0
23,19,0
132,4,1
761,4,0
490,18,0
892,22,1
438,11,1
129,16,1
82,8,0
43,23,1
756,16,1
216,18,0
218,17,0
354,1,1
488,22,0
729,18,0
956,1,1
394,16,1
65,4,0
891,19,0
837,10,1
856,23,1
921,16,1
347,8,0
944,4,1
814,15,0
413,22,0
413,1,1
569,1,1
778,6,0
642,7,0
279,11,0
81,13,0
997,18,0
190,8,0
458,7,1
347,6,0
869,23,0
402,5,1
460,5,0
577,0,1
472,19,1
616,5,0
575,3,0
595,1,1
532,9,1
883,2,0
132,8,0
519,23,1
208,4,1
291,15,0
372,4,0
969,11,1
170,17,0
265,8,0
721,19,1
684,9,1
632,20,0
492,0,1
620,2,1
866,21,0
827,20,0
25,16,0
568,7,0
355,6,0
853,3,1
432,5,0
26,12,1
238,5,0
98,17,0
498,3,0
319,23,0
670,11,1
87,11,1
640,1,1
562,20,0
436,12,1
861,14,0
933,10,1
952,22,1
849,10,0
919,10,1
396,10,0
36,17,0
114,4,1
925,21,0
63,1,1
29,10,1
642,17,0
341,22,1
460,0,1
632,18,0
778,23,1
158,19,1
949,16,1
810,7,0
653,8,0
357,0,0
375,20,0
741,22,1
766,0,0
895,13,0
3,16,0
514,15,0
91,17,0
212,17,0
433,8,0
163,4,1
73,9,1
678,20,0
957,22,1
994,7,0
614,15,0
724,19,0
986,22,1
76,14,0
504,5,0
270,22,1
550,7,0
622,16,1
502,4,1
295,11,0
872,21,0
18,8,1
541,23,1
598,0,1
95,0,0
784,11,0
798,1,1
15,22,1
506,0,1
316,15,0
753,15,0
226,11,0
524,10,0
499,7,1
774,14,0
147,15,0
780,22,1
501,0,1
873,6,0
670,2,0
398,1,1
35,11,0
642,5,0
522,8,0
493,16,1
73,18,0
578,8,1
747,19,1
933,1,1
223,0,1
520,19,0
164,11,1
103,2,0
505,1,1
892,17,0
203,1,1
630,5,0
840,12,0
202,0,1
61,3,1
162,16,1
261,14,0
280,4,0
206,3,1
467,6,0
454,23,1
139,10,1
833,18,0
654,12,1
951,13,0
697,2,1
960,14,0
201,11,1
290,22,1
23,11,1
581,0,0
576,13,0
558,10,1
114,16,0
353,21,0
632,2,1
554,17,0
556,9,1
486,18,0
259,19,0
31,13,0
693,2,0
826,5,0
299,1,1
576,4,0
415,5,1
29,14,0
486,10,0
533,3,1
779,14,0
149,6,0
949,23,0
36,11,1
377,1,1
889,8,0
396,22,0
620,11,1
588,14,0
586,4,1
965,11,0
629,3,0
828,13,0
774,16,1
485,16,0
481,4,1
687,12,0
592,18,0
282,1,1
167,4,1
312,1,1
227,18,0
991,8,1
460,13,0
172,5,0
290,0,1
754,19,1
158,12,0
371,11,0
922,1,1
757,11,1
50,5,0
615,1,1
36,22,1
408,3,1
909,16,1
564,19,1
842,19,0
455,8,0
957,8,0
485,18,0
208,9,0
165,9,0
298,4,1
93,11,1
688,16,0
433,22,1
382,10,1
205,16,1
825,7,0
424,17,0
284,0,1
805,14,0
50,11,1
891,13,0
596,11,1
359,9,1
934,7,1
717,10,1
996,1,1
834,8,0
281,21,0
651,1,1
911,3,0
108,10,0
183,6,0
238,9,1
298,8,0
599,11,1
808,1,1
500,10,0
403,4,1
353,3,0
289,12,1
765,1,1
942,13,0
683,21,0
728,1,1
461,16,1
875,8,1
953,8,0
614,8,1
319,20,0
289,7,0
297,17,0
551,19,0
928,13,0
676,9,1
517,15,0
539,15,0
70,23,1
31,22,1
909,5,0
765,9,1
464,13,0
365,1,1
957,9,0
520,2,1
184,11,0
793,3,0
738,11,1
508,17,0
767,4,1
341,0,0
259,11,1
833,16,0
522,9,1
757,2,0
361,21,0
110,9,0
821,9,1
241,16,1
127,10,1
265,21,0
991,22,0
591,22,0
620,18,0
822,22,1
970,11,1
604,17,0
536,2,0
127,15,0
527,23,1
142,16,1
964,11,0
582,16,0
740,3,0
641,8,0
734,1,0
919,5,1
795,22,1
511,4,1
307,1,1
400,2,1
963,2,1
477,16,1
698,23,0
320,10,0
401,21,0
898,8,0
0,7,0
728,0,1
601,16,1
791,5,1
669,23,0
927,11,0
307,14,0
706,15,0
418,7,0
160,15,0
282,22,1
5,11,1
555,21,0
36,16,1
238,6,0
609,10,1
791,3,1
479,4,0
816,10,0
596,6,0
918,10,0
361,8,1
826,11,1
856,22,1
733,12,1
702,15,0
430,6,0
15,7,0
503,18,0
548,11,1
425,17,0
923,18,0
660,16,1
373,4,1
564,23,0
901,21,0
843,9,0
356,22,1
192,10,1
196,1,1
45,20,0
703,14,0
55,9,1
429,3,1
2,16,1
525,22,1
183,4,1
90,4,1
340,12,1
335,10,0
208,5,0
298,19,1
809,16,1
589,20,0
117,13,0
49,7,0
331,9,1
247,1,1
745,12,1
483,18,0
477,2,1
58,19,1
794,19,0
376,19,0
84,21,0
271,7,0
552,21,0
563,20,0
473,0,0
801,16,1
614,1,1
283,14,0
864,2,1
251,22,1
323,10,1
316,9,0
889,6,0
689,20,0
506,20,0
106,22,0
648,11,0
238,19,1
685,5,0
672,10,1
821,21,0
642,0,1
412,11,0
450,11,0
686,2,1
126,5,0
972,12,0
711,14,0
350,8,0
607,10,0
402,8,0
378,14,0
710,23,1
965,23,1
340,17,0
30,7,1
243,23,0
990,17,0
549,11,1
142,10,1
423,23,0
413,11,1
146,0,0
871,8,0
786,23,1
340,5,0
285,9,1
368,16,0
247,7,0
611,18,0
298,20,0
881,19,1
700,3,1
853,12,1
739,22,0
882,4,0
890,16,1
205,13,0
312,9,1
727,5,1
651,20,0
699,2,0
60,12,1
338,1,0
799,1,1
854,0,1
610,5,0
333,23,0
682,17,0
225,10,0
516,10,1
978,4,1
629,16,0
633,16,1
322,16,1
9,5,1
90,2,1
236,3,0
693,17,0
940,19,0
144,15,0
978,5,1
17,1,1
493,14,0
267,23,1
696,12,0
749,17,0
855,23,0
302,1,1
621,14,0
996,22,1
175,13,0
520,8,0
27,16,1
38,1,1
764,0,1
416,8,0
694,10,1
999,23,1
523,1,1
548,16,1
742,7,1
525,23,0
375,12,1
838,20,0
499,11,1
779,1,1
958,16,1
986,11,1
374,20,0
769,22,1
439,4,1
20,8,0
876,12,1
180,0,0
318,16,1
847,1,1
625,4,1
683,9,1
60,1,0
652,3,0
555,5,1
717,3,0
339,0,0
188,15,0
319,12,1
71,9,1
145,7,1
737,0,1
44,13,0
884,10,0
668,13,0
364,15,0
198,11,1
919,23,0
933,11,1
276,5,1
212,7,0
64,16,0
742,2,1
273,19,1
995,3,0
572,2,1
620,6,0
974,1,1
653,2,0
550,17,0
762,19,1
681,3,1
645,16,1
41,1,1
511,3,1
315,14,0
402,7,1
617,22,1
181,11,1
521,8,1
220,2,0
476,11,1
517,4,1
506,2,0
497,10,0
760,21,0
687,3,1
740,16,1
227,21,0
802,6,0
724,2,0
27,2,1
613,22,1
623,1,1
775,4,0
800,11,1
574,11,1
793,9,0
937,9,1
324,19,0
333,2,1
404,11,1
871,23,0
683,16,0
114,19,1
450,9,1
149,15,0
581,1,1
590,21,0
540,5,1
815,16,1
179,12,0
579,1,1
619,9,1
470,5,1
193,0,0
77,17,0
531,4,1
258,2,0
350,16,1
459,4,1
719,1,1
983,16,1
335,1,1
819,11,1
784,19,1
960,13,0
805,22,1
891,16,1
362,23,0
949,11,1
105,1,1
568,10,0
475,10,0
328,9,1
129,0,1
268,0,0
557,22,1
530,2,1
525,16,1
887,21,0
793,1,1
405,6,0
956,11,1
244,3,1
903,12,1
153,18,0
936,9,1
557,17,0
972,5,1
906,1,1
847,9,1
830,11,0
63,2,1
316,22,1
685,9,0
615,20,0
899,20,0
996,3,1
536,3,0
45,15,0
483,3,1
842,4,0
187,2,1
210,11,1
625,10,1
622,22,1
51,22,1
163,5,0
711,9,1
31,16,1
108,2,1
345,1,1
919,0,1
129,14,0
152,10,0
498,4,1
656,19,0
701,10,1
558,6,0
850,10,1
846,3,0
916,0,1
630,1,1
442,5,1
770,4,0
744,1,1
632,9,1
863,10,0
628,0,1
60,22,1
806,10,0
191,5,0
864,23,1
235,2,1
982,14,0
338,13,0
414,11,1
128,22,1
836,14,0
331,10,1
538,6,0
219,15,0
35,4,1
161,14,0
533,22,1
876,10,0
741,16,1
732,15,0
114,11,0
468,9,1
6,0,1
134,12,0
206,13,0
505,15,0
294,4,1
881,20,0
471,10,0
614,4,0
474,10,0
742,10,0
496,1,1
734,22,0
768,10,1
811,9,1
342,4,1
259,6,0
799,3,1
93,10,1
375,23,0
607,14,0
570,9,1
987,0,0
464,11,1
141,1,1
464,14,0
139,6,0
622,2,0
596,8,1
390,5,1
527,8,0
209,5,0
701,1,1
723,13,0
601,19,1
867,3,1
945,1,1
133,14,0
353,1,1
808,2,1
737,9,0
994,16,1
772,3,1
680,22,1
907,14,0
510,9,1
458,11,1
813,2,1
940,3,0
762,16,1
176,15,0
88,5,0
834,13,0
539,16,1
863,1,1
770,9,1
97,3,1
23,3,0
127,14,0
450,8,1
747,21,0
510,10,1
253,11,1
972,7,0
750,20,0
643,21,0
386,12,1
328,11,1
903,17,0
726,3,0
573,10,1
605,7,0
322,9,1
694,1,1
469,12,1
904,19,1
767,23,1
387,6,0
937,5,1
217,14,0
809,7,1
124,14,0
402,12,0
5,1,1
226,5,1
199,10,0
136,1,1
27,8,0
894,10,0
446,21,0
692,16,1
541,3,1
258,23,1
706,5,0
964,6,0
917,19,1
703,22,1
836,2,1
586,6,0
876,22,1
780,0,0
535,19,0
457,11,1
416,12,1
436,4,0
133,8,0
609,8,1
60,9,0
795,18,0
695,21,0
190,20,0
2,12,1
895,18,0
276,7,1
659,4,1
488,12,1
328,22,1
969,5,0
678,1,1
432,21,0
875,4,1
53,9,1
531,22,0
227,11,0
904,3,0
544,8,1
86,8,1
873,1,0
104,2,0
550,10,1
840,8,1
90,10,0
943,17,0
336,11,1
373,11,1
273,10,0
80,4,0
24,1,1
90,7,1
321,19,1
694,7,0
626,18,0
295,3,1
189,2,0
800,8,1
539,7,0
4,11,1
655,11,1
701,19,0
861,11,1
915,18,0
281,16,1
475,8,0
283,5,1
937,7,0
891,6,0
639,5,0
416,22,1
798,10,1
632,0,0
354,11,1
649,21,0
867,2,1
34,10,1
992,23,0
532,12,0
759,11,0
335,14,0
610,6,0
486,2,0
7,12,0
468,19,1
564,16,0
283,8,0
390,18,0
344,11,1
435,14,0
336,21,0
588,3,1
53,7,0
351,16,0
701,16,1
32,9,0
100,2,1
735,10,1
423,17,0
120,22,1
0,1,1
969,12,0
326,22,1
371,14,0
94,18,0
21,19,0
563,15,0
303,1,1
313,5,1
678,22,1
93,22,1
492,23,0
386,20,0
29,12,0
807,4,0
85,23,1
703,11,0
476,23,0
725,1,1
994,12,0
985,0,1
670,21,0
30,11,1
984,17,0
59,13,0
639,0,1
321,8,1
173,7,0
563,10,0
347,10,0
608,16,1
465,5,1
706,19,1
305,15,0
168,9,1
850,11,1
302,16,1
323,2,1
643,6,0
679,8,1
530,15,0
279,1,1
89,14,0
942,7,0
605,1,1
677,5,0
9,1,0
482,2,0
975,14,0
159,3,1
78,11,0
503,13,0
498,19,1
910,12,1
905,4,1
376,15,0
500,2,1
757,22,0
336,2,0
553,7,0
781,17,0
810,22,1
794,4,0
21,5,0
815,20,0
3,8,0
332,14,0
553,18,0
455,4,1
538,19,1
506,6,0
263,1,1
860,13,0
964,12,1
662,19,1
872,0,1
968,4,1
30,8,0
105,4,0
838,8,1
875,9,1
417,21,0
337,7,1
635,13,0
756,9,1
891,9,1
203,12,0
419,22,1
899,12,1
34,14,0
959,17,0
146,3,1
676,22,1
984,12,1
581,4,1
419,18,0
119,16,1
591,13,0
893,0,0
383,2,1
294,6,0
846,12,0
259,8,0
151,22,1
664,0,1
958,9,1
869,10,1
357,7,1
762,9,1
150,19,0
270,0,1
674,1,1
272,16,0
258,14,0
131,0,0
793,8,0
20,21,0
472,2,1
662,1,0
679,23,0
688,8,1
618,12,0
231,12,0
213,4,1
459,18,0
345,10,0
195,9,0
842,23,0
367,2,0
574,16,0
207,19,1
818,3,0
994,4,1
722,3,0
621,9,1
801,19,1
624,15,0
441,1,1
361,22,1
23,22,1
403,19,1
908,11,1
797,23,1
488,2,1
710,10,1
226,9,0
694,13,0
151,2,0
131,3,1
561,22,1
116,11,1
401,3,0
64,9,1
929,15,0
48,9,0
456,19,0
811,0,1
688,21,0
178,14,0
501,17,0
73,16,1
824,5,1
537,5,0
112,23,0
0,0,0
58,9,0
226,22,1
453,3,1
74,7,1
467,7,0
374,4,0
355,5,1
984,7,0
735,1,1
415,16,1
697,6,0
809,4,0
583,9,1
998,19,1
283,7,1
928,3,1
218,3,0
995,5,1
924,10,1
522,5,1
122,14,0
471,12,0
310,23,1
383,4,0
628,10,1
899,19,0
630,22,0
542,0,0
267,0,0
710,16,1
45,9,1
310,9,1
37,11,1
399,4,1
542,5,0
891,0,1
135,9,1
74,0,1
749,7,1
614,10,1
216,7,1
102,17,0
193,12,1
968,19,1
146,2,1
720,5,0
155,16,1
13,7,0
302,19,0
510,5,0
700,0,0
136,8,1
461,6,0
760,3,1
962,4,0
797,22,0
879,12,1
473,19,0
6,22,1
439,19,1
451,12,1
611,2,1
767,7,0
248,0,0
434,16,1
481,18,0
596,1,1
441,10,1
109,3,1
619,1,1
685,19,1
189,0,1
156,19,1
711,20,0
960,18,0
939,19,1
518,17,0
335,11,1
670,9,1
452,23,0
336,3,1
241,2,1
311,7,1
208,22,1
202,8,1
674,22,1
539,5,1
839,9,1
58,7,0
810,0,1
977,22,1
278,20,0
746,16,1
977,12,1
343,16,1
962,1,1
792,2,1
242,23,0
370,6,0
518,3,1
622,1,1
887,20,0
158,23,0
125,4,0
576,22,1
296,5,0
782,9,0
546,2,1
299,4,1
656,16,1
832,10,1
420,2,0
148,3,0
659,19,1
18,9,1
46,20,0
938,16,0
268,23,1
577,9,1
112,16,1
245,5,1
971,8,0
93,13,0
374,1,1
699,3,0
841,1,1
870,16,1
225,2,1
884,22,1
274,13,0
543,11,1
69,16,1
337,9,1
817,6,0
157,9,1
137,22,1
560,14,0
920,1,0
211,10,0
383,7,1
330,16,1
169,7,1
389,7,0
319,16,1
89,12,1
564,6,0
553,16,1
473,11,1
844,5,0
933,16,0
305,11,1
283,3,0
399,11,1
540,3,1
505,12,0
498,9,1
291,18,0
77,11,1
140,4,0
139,22,1
615,13,0
592,20,0
56,18,0
983,10,0
522,1,1
929,11,1
44,19,1
743,22,1
884,3,1
783,15,0
612,12,0
690,1,1
878,18,0
499,12,0
51,19,0
782,2,0
837,9,1
916,4,0
42,13,0
747,4,1
974,3,0
478,10,0
224,22,1
647,4,0
173,21,0
351,21,0
937,4,1
832,22,0
18,7,0
925,8,0
542,11,1
33,10,1
567,2,1
536,1,1
278,9,1
658,16,1
618,20,0
506,9,1
237,23,0
886,13,0
662,9,0
498,18,0
184,6,0
743,5,1
181,22,1
348,14,0
582,22,1
85,20,0
782,6,0
723,19,1
993,11,1
926,22,1
299,14,0
391,10,1
914,15,0
76,22,0
732,10,0
114,3,0
570,5,1
545,7,1
809,10,0
332,5,0
202,9,1
912,1,1
85,1,1
223,14,0
430,2,1
482,5,1
911,5,1
401,0,1
667,11,1
654,22,1
485,3,1
91,15,0
634,19,1
107,0,0
414,8,1
576,18,0
329,19,0
569,16,1
943,8,1
863,16,0
496,5,1
518,11,1
574,12,1
3,9,1
663,3,1
522,16,0
121,0,1
62,0,0
854,16,1
577,19,1
827,5,1
110,19,1
171,4,1
385,5,1
284,16,1
118,4,1
553,3,1
648,2,1
180,2,0
960,8,1
126,2,1
715,13,0
8,12,1
562,22,1
646,1,0
975,15,0
777,23,0
286,6,0
820,2,1
684,22,1
920,4,1
770,11,1
669,0,1
117,2,1
692,12,0
671,7,1
494,21,0
548,19,0
40,2,1
912,9,1
724,5,1
410,8,1
681,11,0
483,21,0
255,10,1
254,18,0
706,11,1
392,10,0
409,1,1
452,1,1
246,0,1
790,19,1
372,22,1
788,9,0
759,10,1
783,8,0
596,5,0
507,10,1
314,22,1
829,9,1
603,22,1
303,8,1
998,1,1
946,2,1
420,16,1
95,23,0
859,0,0
449,21,0
604,11,0
791,0,0
213,12,1
447,12,0
17,12,1
426,13,0
75,7,1
125,8,1
438,16,1
166,22,1
566,9,0
153,22,1
660,15,0
204,1,1
310,19,0
842,1,1
614,9,1
133,23,0
52,20,0
800,2,0
217,2,0
102,14,0
666,22,1
872,14,0
312,20,0
13,11,1
305,10,1
587,23,0
32,11,0
138,9,1
266,3,0
2,22,1
36,19,0
45,11,1
967,8,0
372,12,1
578,6,0
915,0,0
267,19,0
362,16,1
76,1,1
807,16,1
145,2,1
62,9,1
247,0,0
664,11,0
401,6,0
475,19,0
334,16,1
611,4,1
218,11,1
439,9,0
997,3,1
808,11,1
381,18,0
214,3,1
798,12,1
277,0,0
508,0,1
425,20,0
923,12,1
579,23,1
834,9,0
164,17,0
145,22,1
923,16,1
885,0,0
403,5,0
985,10,1
983,21,0
799,16,0
194,9,1
949,22,0
124,1,1
517,2,0
808,5,0
405,11,0
275,4,0
395,5,1
946,21,0
655,7,0
672,11,0
645,18,0
43,11,0
909,8,0
870,8,1
11,23,0
46,7,1
506,8,0
959,18,0
282,17,0
563,2,1
557,0,1
218,9,1
556,4,1
65,8,0
577,23,0
502,19,1
816,16,1
984,22,1
974,10,1
601,7,0
388,12,0
10,16,1
251,5,1
430,19,0
692,23,1
914,8,1
521,4,0
569,0,1
975,4,1
67,14,0
806,23,1
201,16,0
842,3,1
289,9,1
837,1,1
571,9,1
6,21,0
179,22,1
89,7,0
344,22,1
158,9,1
486,23,0
395,16,1
547,13,0
555,22,1
747,0,1
52,3,0
740,19,0
964,8,1
851,23,1
510,1,0
77,9,1
900,13,0
825,14,0
301,16,1
608,20,0
937,19,1
131,11,0
566,21,0
47,23,0
81,14,0
313,20,0
184,1,1
367,13,0
869,7,0
793,10,1
122,8,1
419,1,1
73,8,0
758,3,1
253,23,0
868,20,0
449,12,1
787,9,1
230,9,1
484,22,0
216,2,1
392,9,0
877,15,0
936,7,0
609,13,0
898,7,1
897,9,1
244,10,0
726,2,0
895,3,1
326,13,0
950,14,0
373,21,0
861,2,1
659,17,0
376,22,1
826,2,1
907,8,1
79,21,0
784,16,1
599,19,1
541,22,1
918,13,0
709,6,0
745,7,1
836,16,1
909,3,1
746,6,0
115,21,0
994,6,0
610,15,0
660,3,1
602,21,0
893,22,1
935,22,1
794,9,1
877,3,1
265,19,1
193,20,0
841,16,1
263,9,1
355,0,1
495,18,0
68,8,0
286,10,1
636,12,1
878,0,0
775,12,1
547,11,1
400,16,1
311,8,0
62,16,1
225,3,1
11,4,1
326,1,1
825,19,1
525,7,1
306,16,1
823,20,0
986,6,0
272,2,1
225,7,1
684,4,1
256,3,1
111,12,1
74,2,1
263,7,0
535,9,0
786,5,1
369,13,0
240,11,0
936,5,0
857,12,1
176,2,1
545,17,0
349,17,0
354,14,0
164,3,1
883,16,1
352,1,1
845,22,1
372,11,1
967,10,1
262,5,0
147,4,0
298,1,0
567,22,1
147,0,1
733,2,0
818,12,1
851,11,0
468,14,0
719,20,0
456,6,0
413,18,0
667,17,0
16,5,1
754,9,1
529,1,1
690,3,1
489,8,0
649,1,1
719,14,0
547,22,1
877,11,1
387,16,1
570,3,1
470,10,0
921,13,0
237,7,1
336,12,0
113,23,0
516,23,1
738,8,1
356,18,0
133,1,1
310,3,0
622,10,0
786,1,1
768,23,1
812,4,1
532,23,0
71,12,1
917,5,1
900,2,1
664,9,1
664,22,0
896,12,1
573,7,0
299,19,1
990,11,1
87,0,0
229,8,0
755,2,1
775,11,1
264,6,0
412,9,0
349,16,1
365,7,0
389,4,0
669,3,0
271,12,1
378,22,1
966,14,0
450,4,1
547,5,0
557,5,1
790,4,1
356,20,0
417,16,1
275,11,0
87,16,0
346,9,0
579,3,0
161,18,0
246,14,0
322,1,0
548,13,0
895,12,0
659,2,0
701,22,0
497,1,1
14,15,0
221,1,1
274,4,0
540,22,1
229,0,0
174,22,0
686,11,1
61,5,0
944,2,0
323,11,0
746,3,0
81,16,1
531,8,1
72,9,1
649,22,0
934,22,1
993,2,1
901,19,0
930,8,1
4,9,1
396,23,0
275,5,1
689,7,1
106,9,1
257,7,1
605,19,0
817,12,1
713,5,0
517,3,0
819,12,1
165,20,0
516,14,0
729,7,1
644,19,0
737,5,0
455,3,0
255,8,1
791,12,0
894,8,0
943,22,0
279,16,0
841,8,0
3,6,0
768,15,0
739,11,0
414,7,0
627,11,0
484,21,0
538,16,1
385,18,0
643,10,0
758,23,1
814,6,0
466,7,1
252,10,1
959,19,0
82,19,0
484,6,0
172,2,1
53,22,1
744,3,0
258,5,1
133,16,1
126,16,1
208,3,0
387,19,1
541,18,0
377,23,0
162,22,1
571,5,0
291,2,1
998,7,0
468,22,0
420,10,1
261,16,1
303,7,0
642,16,1
886,0,0
862,19,0
514,4,1
664,7,1
258,11,0
249,8,1
175,16,0
660,7,0
637,8,1
677,22,1
813,5,1
948,2,0
151,20,0
827,10,1
142,22,0
547,16,1
91,11,1
521,2,0
706,22,1
262,7,0
49,3,1
538,17,0
466,16,1
279,9,1
737,3,1
616,7,0
857,1,1
528,14,0
425,16,1
674,6,0
157,19,0
880,5,0
950,19,0
109,9,0
472,6,0
469,8,1
908,22,1
202,16,1
118,22,0
296,16,1
862,9,1
636,6,0
943,16,1
730,10,1
544,13,0
97,10,1
564,20,0
576,0,1
407,19,1
270,11,1
566,5,0
302,7,0
519,11,0
938,22,0
468,12,0
703,23,1
227,0,0
388,22,1
322,0,0
404,14,0
400,3,1
149,8,1
773,7,1
609,5,0
631,4,0
130,23,1
724,20,0
325,23,0
954,14,0
515,17,0
586,1,1
140,1,1
815,18,0
98,1,1
976,2,0
331,3,0
261,7,1
932,1,0
470,7,1
50,22,0
51,18,0
716,7,0
940,23,1
507,4,0
273,23,0
587,14,0
128,4,0
359,1,1
588,10,0
16,2,1
922,2,0
440,13,0
203,8,1
464,12,0
474,22,1
133,0,1
668,6,0
886,10,1
301,10,1
556,5,0
995,18,0
849,8,1
782,10,1
741,19,1
244,9,1
28,6,0
127,5,1
940,12,1
755,13,0
696,10,0
9,10,0
511,21,0
537,8,1
962,12,0
329,10,1
26,6,0
776,19,0
833,17,0
756,11,1
964,10,1
934,9,0
52,8,0
796,4,1
853,23,1
785,10,0
676,8,1
88,11,0
191,0,0
946,23,1
726,4,1
462,10,0
214,15,0
704,5,1
872,3,0
394,4,0
206,16,0
71,3,1
523,4,1
479,6,0
657,8,1
527,3,1
864,11,0
496,12,0
464,9,1
955,4,0
938,9,1
634,20,0
327,3,1
510,15,0
378,5,1
76,18,0
884,11,0
182,19,0
684,19,1
7,2,0
633,22,1
590,4,0
931,1,1
125,2,1
688,0,0
655,16,1
493,22,1
715,7,0
518,13,0
186,10,1
352,7,0
657,19,0
946,19,0
835,4,1
802,4,1
946,14,0
123,0,1
900,5,1
930,2,0
958,23,0
722,10,0
309,8,1
848,13,0
892,4,0
398,9,1
246,10,1
106,10,1
515,10,1
206,9,0
850,2,0
407,20,0
671,10,1
606,16,0
572,7,1
424,13,0
323,13,0
227,23,0
996,4,0
408,8,0
871,2,1
586,17,0
113,5,1
35,10,1
535,12,1
586,16,1
702,1,1
97,17,0
177,1,1
961,5,0
297,8,0
514,11,1
730,9,1
503,16,1
629,8,1
11,7,0
988,3,1
756,10,0
211,19,1
805,3,0
766,10,1
131,7,0
314,11,1
269,9,1
967,9,0
14,5,0
644,5,1
53,10,1
985,12,1
860,6,0
385,3,1
127,8,0
941,22,1
1,22,1
897,2,1
791,20,0
317,22,1
458,3,1
368,23,1
420,22,0
990,16,0
923,11,1
820,13,0
425,9,1
978,19,1
186,19,0
16,22,1
318,3,1
611,5,0
842,14,0
648,23,1
991,16,1
200,21,0
379,9,1
650,22,0
970,22,1
194,17,0
296,1,1
792,7,1
169,2,1
725,10,1
205,4,0
366,1,1
587,15,0
26,22,1
260,4,1
603,3,1
112,22,1
176,9,0
246,3,1
846,13,0
918,18,0
482,23,0
299,12,0
307,17,0
84,4,1
532,18,0
99,12,1
603,7,0
162,9,0
969,4,0
823,9,1
614,11,1
161,22,1
260,10,0
668,3,1
612,10,1
841,3,0
7,10,1
625,1,1
781,11,0
760,19,0
981,19,1
625,23,1
852,7,0
584,9,1
567,11,0
142,4,1
643,9,1
764,17,0
136,19,0
368,13,0
8,8,0
625,15,0
666,10,0
961,23,1
940,17,0
717,19,1
870,21,0
902,9,1
121,10,0
521,9,1
197,1,1
443,19,1
933,22,0
625,19,1
390,20,0
427,7,0
146,17,0
814,0,0
464,5,0
369,11,1
176,11,1
437,12,1
502,9,1
19,1,0
259,16,1
392,18,0
189,16,1
556,11,1
254,1,1
316,13,0
20,17,0
563,23,0
512,1,1
192,4,0
763,1,1
681,19,0
106,12,1
964,17,0
648,3,1
152,16,1
181,3,1
352,8,1
281,9,1
357,22,1
32,4,0
401,5,1
755,20,0
615,14,0
983,11,1
480,8,1
946,3,0
317,6,0
288,11,1
471,3,1
386,5,0
148,0,1
341,8,0
366,11,1
950,11,1
678,5,0
152,12,0
594,22,1
974,8,1
475,11,1
294,23,1
887,9,1
646,16,1
710,9,1
205,11,1
711,22,1
822,17,0
234,16,1
134,16,1
626,16,1
274,10,1
214,6,0
491,19,1
709,22,0
711,19,0
861,9,0
901,6,0
669,20,0
588,19,0
239,22,1
523,8,0
407,0,1
915,22,1
999,10,1
168,15,0
145,21,0
202,17,0
110,1,1
191,10,1
36,6,0
288,1,1
337,10,0
135,13,0
898,2,1
241,7,1
141,0,0
856,16,1
294,19,1
959,9,1
916,17,0
769,4,1
314,9,0
748,5,1
281,3,1
836,9,1
877,20,0
860,8,0
828,22,1
708,4,0
57,13,0
795,20,0
669,1,1
361,5,0
139,17,0
815,1,1
401,11,1
314,16,1
665,6,0
17,2,1
843,22,1
643,17,0
603,15,0
22,11,1
82,3,1
164,22,1
848,5,1
18,19,0
124,10,1
148,22,1
616,12,1
416,19,0
676,3,0
178,11,1
995,1,0
544,21,0
657,1,1
961,12,0
432,10,1
416,1,0
118,10,0
433,10,1
77,14,0
209,23,1
316,2,1
285,10,1
810,3,0
710,20,0
627,4,1
625,12,0
315,1,0
775,19,0
354,4,1
864,12,0
71,20,0
257,9,1
296,15,0
185,9,0
568,14,0
19,12,0
444,7,0
180,9,1
772,16,0
150,12,1
14,22,1
110,17,0
47,20,0
900,14,0
232,19,1
447,3,1
840,10,1
769,16,1
831,15,0
639,23,0
932,16,1
740,5,1
242,14,0
514,5,1
104,12,1
267,22,1
95,5,1
648,10,0
193,23,1
232,8,0
995,22,1
161,12,0
684,10,0
247,6,0
257,16,1
417,10,0
954,0,1
989,17,0
361,1,1
243,19,1
948,0,0
260,18,0
706,23,0
966,0,0
28,19,1
361,4,0
162,11,1
190,11,1
981,9,1
44,23,0
409,3,0
363,1,1
182,9,0
23,17,0
747,7,0
68,16,1
91,16,1
353,7,0
372,18,0
698,11,1
172,11,1
213,7,0
443,2,1
207,6,0
54,1,0
475,1,1
37,13,0
888,9,1
689,22,1
340,9,1
931,22,1
712,2,1
249,7,0
934,17,0
516,5,0
116,0,0
471,22,1
365,6,0
830,9,1
546,14,0
849,6,0
255,20,0
254,11,1
144,11,1
855,5,0
795,8,1
513,2,0
826,3,0
84,8,0
480,5,0
847,14,0
231,5,1
958,4,0
495,0,1
39,17,0
11,1,1
454,7,1
739,4,1
161,5,1
806,13,0
810,6,0
265,4,1
508,16,1
743,0,0
444,12,0
33,11,0
689,2,1
25,18,0
314,10,1
182,7,1
507,22,0
913,16,1
615,12,1
633,0,1
253,18,0
286,2,0
793,0,1
414,9,1
857,6,0
127,12,1
527,9,0
621,22,0
163,20,0
851,22,1
195,16,0
216,15,0
885,16,1
731,11,1
51,7,1
440,8,1
541,13,0
853,19,1
332,17,0
995,12,0
970,20,0
594,1,1
775,14,0
239,11,1
771,22,1
40,10,1
932,0,1
978,17,0
116,13,0
416,0,1
285,12,1
96,4,1
704,14,0
71,4,1
746,1,1
987,4,1
182,1,0
734,2,1
485,2,1
962,16,1
908,23,0
759,14,0
440,0,0
505,8,1
261,3,1
456,3,1
339,4,1
406,4,1
654,0,0
490,10,1
707,4,0
753,1,1
796,19,1
842,0,1
84,13,0
373,0,0
117,19,0
966,2,1
722,11,1
549,2,0
167,16,1
474,16,1
713,7,1
825,22,1
174,7,0
956,17,0
461,8,1
476,6,0
100,3,0
74,13,0
153,4,1
382,6,0
160,12,1
896,7,0
66,1,1
38,14,0
535,23,1
21,8,1
848,14,0
65,7,1
168,2,0
737,12,1
335,2,1
509,22,1
212,5,1
673,9,1
342,21,0
684,6,0
643,23,1
598,1,1
8,11,1
383,16,0
393,1,1
970,4,0
21,22,0
642,19,1
121,6,0
805,11,1
913,0,1
339,19,1
7,8,1
773,3,1
767,16,0
650,9,1
584,1,1
684,5,1
434,12,0
913,7,1
937,2,0
781,10,1
148,16,1
38,22,1
601,2,1
410,9,1
987,10,1
243,14,0
261,22,0
400,0,1
212,9,0
514,12,0
509,5,1
691,2,0
744,11,1
20,7,1
897,11,1
876,4,0
26,5,1
105,9,1
244,5,0
44,11,1
365,22,1
572,12,0
565,3,1
739,23,1
696,11,1
629,10,1
388,4,1
672,20,0
544,3,1
939,8,0
394,19,1
944,16,1
435,9,1
890,21,0
892,13,0
511,17,0
520,1,0
233,8,1
249,1,1
645,0,1
655,1,1
845,2,0
662,11,0
955,9,0
675,15,0
589,14,0
402,3,1
502,0,0
19,8,0
704,22,1
310,20,0
862,11,1
170,6,0
489,12,1
575,14,0
299,11,1
725,20,0
534,3,1
799,2,1
947,8,0
546,16,1
415,0,0
970,16,1
154,10,0
138,12,0
245,22,1
8,9,0
794,23,0
573,20,0
497,0,1
702,0,0
665,1,1
259,1,0
73,23,0
703,12,1
165,4,1
797,7,1
908,10,1
396,8,1
930,1,1
37,10,1
979,5,1
898,5,1
296,13,0
844,11,0
300,23,1
32,1,1
496,9,0
773,10,0
291,1,0
214,16,1
566,3,1
985,23,0
196,16,0
728,22,0
9,18,0
384,0,0
425,12,1
42,11,1
177,18,0
904,0,1
685,4,1
815,8,0
441,7,0
997,14,0
770,1,1
189,7,0
440,2,1
392,15,0
772,22,1
422,7,1
886,23,1
550,3,0
152,20,0
119,9,1
729,22,1
521,11,1
602,18,0
51,2,1
590,5,1
260,1,0
943,3,0
249,17,0
70,7,1
34,12,1
445,1,1
212,11,0
618,9,0
117,11,1
985,19,0
593,20,0
70,2,1
855,8,1
986,20,0
556,7,0
71,21,0
599,0,0
638,8,1
714,3,1
52,19,1
952,6,0
159,14,0
706,16,1
364,11,1
359,4,1
17,15,0
803,12,1
924,18,0
423,16,1
975,5,0
648,18,0
234,9,0
314,21,0
915,23,1
331,8,1
1,23,1
66,13,0
251,1,1
868,19,0
791,19,1
787,10,1
418,23,1
58,5,1
231,19,0
108,3,1
601,8,0
292,6,0
981,15,0
272,11,1
847,8,1
311,16,1
529,3,1
461,12,0
988,16,1
598,20,0
111,5,1
594,5,0
157,8,1
201,20,0
393,6,0
455,17,0
632,23,0
620,10,0
952,5,1
48,2,1
23,10,0
351,5,1
141,15,0
785,16,1
839,14,0
989,5,1
638,12,1
526,5,1
389,3,0
753,14,0
195,13,0
326,6,0
568,9,1
740,23,0
71,19,1
806,1,1
475,3,1
228,0,1
734,10,1
776,2,1
145,3,1
252,6,0
530,6,0
779,10,1
918,12,0
976,20,0
799,22,1
24,9,1
281,10,1
949,20,0
486,16,1
77,22,1
993,15,0
992,9,0
310,11,0
460,10,1
108,20,0
937,20,0
37,15,0
353,9,1
405,8,1
801,8,0
464,2,1
248,3,1
384,17,0
839,2,0
631,16,1
344,14,0
979,22,1
350,23,1
180,16,1
882,22,1
451,16,1
753,9,1
561,8,1
536,19,1
972,18,0
232,5,0
442,7,1
505,10,1
792,22,1
662,4,1
80,14,0
326,17,0
938,10,1
474,19,1
918,22,1
640,20,0
836,12,0
197,9,0
735,2,0
806,22,1
959,23,0
220,5,1
27,7,1
892,0,1
826,23,0
628,6,0
171,0,0
588,23,1
52,10,0
585,21,0
99,11,1
513,5,0
887,15,0
406,19,1
792,5,0
133,13,0
727,3,0
848,3,1
903,8,0
647,3,1
411,1,1
27,9,0
651,2,1
385,15,0
602,5,0
265,9,1
413,5,0
169,22,1
744,18,0
72,5,1
652,22,1
247,19,0
861,20,0
431,11,1
897,10,0
215,10,1
726,8,0
581,20,0
854,3,0
171,23,0
898,11,1
641,2,1
960,16,0
753,10,1
646,22,1
499,3,0
646,11,1
430,3,1
174,10,1
928,1,1
581,17,0
697,9,1
688,2,1
658,11,1
177,17,0
429,5,0
816,7,0
421,2,1
645,8,0
95,15,0
476,22,1
247,9,1
671,17,0
872,10,1
702,14,0
705,9,1
884,1,1
120,9,1
829,11,1
645,22,0
870,0,0
296,21,0
188,7,1
175,8,1
168,17,0
5,3,0
177,10,1
546,10,0
493,11,1
94,5,1
389,15,0
884,15,0
550,6,0
744,12,1
975,7,0
5,2,1
723,4,1
203,19,1
938,1,0
399,1,1
273,16,1
39,11,1
115,10,1
640,2,1
204,11,1
998,12,0
501,15,0
888,22,1
852,15,0
319,22,1
514,3,0
977,16,1
30,19,0
325,7,0
413,3,1
121,5,0
97,9,0
182,0,1
937,12,0
12,3,0
171,21,0
371,9,1
101,11,1
989,22,1
377,11,1
995,10,1
298,9,1
466,23,0
49,6,0
568,16,1
562,16,1
929,2,1
663,16,0
558,0,1
412,5,1
239,21,0
844,18,0
211,9,1
621,8,1
890,9,1
539,11,1
906,16,1
303,4,1
930,10,1
913,18,0
266,11,1
731,15,0
39,22,1
910,5,1
243,22,0
780,9,0
444,1,1
898,20,0
910,7,0
171,19,1
384,9,0
743,2,0
143,12,0
180,8,1
485,15,0
970,7,0
88,10,1
102,23,1
654,10,1
258,20,0
423,0,1
591,14,0
821,7,0
700,5,1
761,20,0
130,21,0
50,16,1
516,22,0
113,10,1
783,10,0
653,21,0
957,15,0
743,4,1
481,0,0
320,2,1
198,15,0
722,15,0
467,1,1
631,2,1
384,23,1
882,1,1
633,6,0
45,16,1
62,11,1
626,4,0
329,7,0
251,11,1
32,2,1
897,20,0
598,11,1
52,22,1
225,0,1
913,15,0
327,5,1
219,16,1
858,1,1
965,10,1
378,16,1
667,4,1
372,9,1
763,21,0
230,14,0
979,10,1
755,16,1
958,6,0
752,8,0
960,2,1
668,21,0
603,9,0
674,12,0
748,7,0
941,3,1
908,12,1
902,10,1
905,23,0
534,16,0
764,22,1
212,22,1
953,11,1
312,23,0
969,1,1
926,11,1
209,3,1
196,7,0
895,5,1
961,3,1
509,7,1
572,1,0
637,19,1
313,1,1
700,2,1
602,8,1
352,12,0
699,22,0
270,17,0
509,8,0
741,4,0
218,1,1
595,8,1
755,9,0
529,23,1
802,22,1
578,3,0
890,10,1
345,12,0
761,15,0
3,2,1
380,13,0
184,16,1
921,3,1
182,8,0
912,15,0
919,19,0
983,15,0
459,23,0
634,18,0
877,2,1
658,19,1
954,9,1
498,0,0
623,8,1
162,19,1
874,11,0
551,8,0
504,11,1
44,1,1
833,1,1
769,0,1
69,11,0
456,16,0
65,11,1
369,23,0
380,11,1
300,4,1
603,5,1
377,3,0
320,21,0
815,21,0
618,3,1
41,4,0
854,11,0
652,11,1
866,16,1
714,8,0
2,11,1
397,9,0
354,19,1
0,13,0
275,16,1
773,12,1
720,20,0
537,12,1
831,4,1
830,2,0
808,15,0
673,19,0
579,12,1
439,12,1
843,5,1
904,22,1
56,17,0
45,12,1
320,9,1
666,12,1
12,11,0
789,14,0
852,9,1
16,9,0
975,11,1
697,16,0
702,8,1
703,8,0
86,9,1
204,10,1
631,5,0
758,9,0
991,1,1
534,22,0
250,18,0
798,2,0
307,12,1
575,22,1
28,8,0
973,20,0
254,22,1
261,15,0
883,18,0
167,14,0
344,3,1
730,11,1
421,20,0
323,1,1
81,2,0
725,0,0
572,8,0
643,2,1
272,6,0
635,14,0
113,21,0
703,15,0
531,7,0
266,4,1
948,21,0
522,4,0
952,1,1
650,21,0
142,2,0
368,2,1
464,16,1
685,11,1
239,14,0
953,3,1
911,22,1
407,12,0
528,3,0
540,21,0
364,12,0
390,9,0
431,13,0
810,16,1
38,3,0
920,19,1
914,1,1
907,15,0
861,1,1
476,0,0
20,5,0
805,9,1
55,11,1
781,8,1
345,17,0
103,16,1
102,9,0
184,13,0
890,6,0
49,1,1
67,9,0
96,13,0
64,23,0
36,2,1
928,16,0
861,23,0
839,17,0
61,23,1
943,18,0
358,19,0
2,5,0
381,0,0
681,22,1
990,12,1
772,14,0
846,5,0
989,7,0
409,7,0
838,11,0
431,14,0
621,5,1
267,5,0
262,11,0
881,12,1
315,4,1
819,22,1
531,9,1
759,8,1
504,16,1
370,12,0
575,10,1
360,21,0
481,5,1
796,16,1
515,8,1
488,19,1
103,10,0
185,0,1
905,9,0
889,2,1
222,3,0
597,3,1
728,9,0
719,10,1
66,11,1
211,22,1
946,9,1
752,1,1
531,1,1
604,13,0
577,16,1
453,22,1
785,4,1
364,6,0
568,22,1
715,0,1
233,10,1
846,9,0
178,23,0
524,16,0
235,12,1
312,19,1
286,13,0
399,8,0
840,2,0
283,2,1
782,22,1
356,7,0
945,2,0
285,8,0
131,19,0
825,21,0
670,19,1
963,7,1
781,6,0
805,5,1
830,16,1
822,4,1
441,2,1
584,10,0
187,23,0
717,15,0
92,12,1
149,4,1
171,14,0
463,6,0
381,14,0
420,1,1
747,3,0
556,10,0
284,5,0
750,0,1
65,21,0
914,9,1
274,23,1
747,22,0
764,15,0
612,6,0
837,7,0
131,2,1
241,3,1
893,5,1
706,4,0
827,23,1
439,15,0
305,5,0
675,13,0
395,6,0
489,14,0
354,2,1
854,9,0
289,18,0
395,19,0
176,20,0
858,2,1
352,9,1
231,16,0
557,3,0
599,23,0
290,20,0
608,7,1
422,3,0
870,13,0
663,20,0
239,23,0
585,9,1
54,11,1
374,5,1
512,22,1
918,11,1
113,11,0
589,12,0
125,18,0
70,22,1
117,1,1
287,1,1
690,5,0
194,8,1
608,19,1
913,4,0
374,22,0
23,1,1
471,11,1
736,12,0
531,18,0
854,10,1
195,1,1
602,14,0
201,10,0
258,7,0
273,4,1
493,3,0
881,9,1
337,4,1
682,3,1
626,11,1
237,5,1
112,8,1
929,14,0
310,10,1
759,4,0
311,6,0
683,22,1
705,7,0
440,1,1
112,1,1
771,2,1
543,4,0
441,12,0
341,10,0
852,4,1
154,0,0
549,22,1
851,5,1
766,6,0
693,0,1
282,12,0
842,16,1
745,6,0
207,9,1
426,16,1
290,11,1
403,10,1
748,12,0
666,2,1
795,1,1
599,1,0
196,11,1
655,9,0
165,7,1
601,4,1
743,19,1
527,19,0
228,9,1
849,22,0
875,6,0
926,9,1
873,7,1
231,11,1
448,4,0
878,9,1
720,12,1
762,8,0
517,10,0
132,23,0
260,9,1
983,4,1
757,20,0
266,8,0
765,22,0
52,11,1
587,13,0
551,1,1
776,11,1
138,0,0
784,0,1
771,17,0
989,9,1
373,9,1
774,12,1
307,22,1
621,10,1
961,1,1
965,0,0
907,21,0
417,1,0
579,22,0
758,16,0
398,13,0
691,4,1
62,22,1
208,10,1
126,8,0
722,0,1
510,11,1
964,9,1
405,9,1
978,22,1
63,6,0
827,11,0
900,16,0
532,3,1
773,15,0
841,19,1
165,8,0
175,19,1
857,20,0
611,12,1
578,9,1
733,15,0
222,15,0
6,4,0
867,20,0
541,11,0
841,20,0
43,16,1
162,17,0
470,19,0
377,0,0
745,2,1
738,19,0
593,10,1
788,11,1
894,1,1
323,9,0
705,23,0
575,8,1
666,0,0
293,16,0
573,13,0
907,1,1
978,7,0
148,5,1
732,1,1
11,8,1
741,21,0
641,9,1
831,13,0
967,12,1
161,7,1
705,11,0
450,23,0
181,8,0
702,10,1
953,12,0
303,6,0
278,10,1
623,2,1
690,6,0
79,0,0
975,1,1
541,15,0
438,13,0
777,13,0
788,7,1
873,9,1
454,11,0
255,3,0
320,22,1
738,9,1
948,9,1
980,12,1
513,1,1
876,11,1
74,16,1
896,16,0
781,21,0
97,5,0
145,1,0
192,1,1
926,4,0
543,0,0
579,6,0
939,0,0
572,5,1
59,9,0
756,0,0
65,2,1
812,7,0
259,10,1
249,9,1
73,21,0
406,9,1
699,6,0
564,3,1
175,22,0
220,8,0
398,16,1
235,17,0
886,16,1
646,23,0
228,17,0
469,9,1
544,10,1
449,22,1
607,9,1
115,12,0
452,17,0
883,19,0
127,23,1
123,9,1
479,8,0
90,19,1
976,19,0
879,5,1
491,4,1
497,5,0
857,11,1
899,2,0
906,12,0
828,9,0
778,17,0
257,13,0
598,7,0
974,4,0
936,1,1
152,22,1
659,16,1
340,16,0
880,22,1
462,16,1
14,10,1
480,16,1
465,11,0
713,8,0
175,1,1
397,0,1
500,0,0
497,18,0
421,3,1
157,10,1
387,5,0
911,6,0
748,3,0
599,4,1
82,16,1
888,15,0
779,16,1
309,12,0
648,1,1
207,23,0
745,21,0
594,10,0
437,9,1
347,3,1
297,21,0
219,5,1
563,9,1
971,1,1
763,20,0
674,14,0
76,9,1
649,3,0
650,10,1
881,4,1
458,0,0
721,21,0
917,16,1
712,20,0
399,15,0
176,14,0
576,11,1
279,14,0
927,2,1
661,3,1
939,11,0
883,3,1
108,1,1
245,9,0
154,4,1
173,11,1
737,6,0
466,1,0
465,2,0
808,7,1
968,7,1
909,4,1
330,2,1
493,5,0
130,16,0
378,20,0
561,0,0
350,5,1
675,2,0
561,1,1
879,14,0
473,2,1
684,17,0
463,4,1
885,9,1
610,11,1
629,4,0
612,1,1
902,22,0
166,6,0
201,19,1
566,22,1
902,23,1
952,23,0
583,14,0
285,5,0
527,12,1
309,1,1
490,12,0
933,15,0
804,7,0
449,16,1
381,4,1
723,3,0
271,4,0
438,23,0
554,10,0
81,21,0
838,2,0
736,16,0
868,2,1
567,5,1
643,1,1
28,3,1
298,18,0
942,4,1
687,8,1
174,17,0
130,5,0
519,12,1
911,16,0
844,9,1
271,10,1
343,9,1
119,22,1
936,20,0
375,1,1
631,18,0
465,7,0
616,3,0
159,23,1
427,0,0
509,16,1
658,7,0
201,0,0
407,15,0
37,1,1
292,0,0
437,23,0
834,19,1
66,4,1
620,22,1
11,9,1
261,4,0
389,16,1
151,0,0
549,16,1
911,4,1
424,9,0
205,6,0
232,1,1
533,10,0
491,1,1
610,12,1
562,7,0
35,18,0
77,15,0
43,19,0
218,23,0
942,19,1
558,19,1
999,22,0
254,16,1
853,0,0
644,1,0
133,9,1
346,19,1
542,15,0
954,11,0
734,6,0
803,20,0
590,20,0
694,0,1
402,2,1
936,8,1
396,3,0
907,10,1
170,10,1
454,3,1
429,2,1
236,7,1
693,4,0
247,20,0
292,20,0
722,14,0
915,15,0
707,22,1
906,11,0
860,10,1
122,12,1
144,7,0
303,17,0
910,22,1
70,1,0
781,7,0
358,9,0
128,5,1
292,22,1
513,17,0
537,6,0
845,19,0
511,14,0
819,1,0
77,5,0
863,23,1
334,21,0
430,15,0
66,12,0
47,7,0
72,10,0
20,12,1
492,4,0
796,11,1
988,0,1
464,7,1
309,10,0
17,13,0
324,10,0
780,5,1
817,21,0
254,20,0
894,7,0
870,10,1
504,2,1
822,12,0
311,10,0
961,18,0
959,10,1
116,4,0
175,4,1
973,2,1
939,3,1
788,19,1
916,11,1
140,19,0
878,6,0
693,16,1
441,15,0
559,21,0
473,22,1
72,23,1
214,7,0
124,0,1
582,10,1
531,21,0
612,9,1
271,20,0
439,22,1
126,7,1
374,0,0
281,17,0
15,5,0
535,4,0
827,12,1
701,2,1
965,2,0
462,19,1
911,23,1
431,19,1
672,1,1
485,6,0
761,8,1
615,2,1
934,16,1
977,5,1
719,12,0
452,12,0
213,11,1
325,9,0
351,17,0
304,22,1
143,4,1
674,23,0
129,22,1
665,16,1
135,17,0
359,13,0
436,2,1
649,14,0
120,4,0
109,19,0
699,8,1
824,20,0
415,10,0
998,4,1
834,4,1
107,6,0
89,19,1
655,0,1
442,1,0
971,4,0
550,12,1
489,16,1
675,8,1
180,5,0
590,11,1
68,22,1
72,17,0
375,19,1
130,10,1
565,7,1
951,14,0
223,10,1
128,20,0
422,4,1
191,8,1
566,16,0
303,13,0
629,1,1
855,19,1
97,16,1
8,3,1
179,13,0
680,13,0
590,6,0
697,12,0
624,0,0
359,19,1
721,11,0
88,19,0
352,5,1
400,12,0
448,16,1
369,8,0
343,1,1
317,4,0
339,5,0
223,1,0
616,8,1
366,0,0
712,16,1
687,1,1
744,22,1
705,21,0
231,22,1
910,2,0
449,15,0
268,22,1
140,9,1
820,1,1
356,2,1
363,4,1
324,17,0
640,23,1
824,10,0
899,18,0
446,2,1
730,23,0
807,23,1
972,4,1
950,5,1
434,6,0
506,10,1
157,23,0
285,0,1
901,16,1
950,16,0
982,4,0
987,15,0
171,1,1
844,8,0
94,0,0
302,12,1
402,21,0
559,9,1
447,1,1
186,20,0
143,17,0
519,9,1
928,23,1
45,17,0
284,4,0
633,1,1
188,8,0
662,0,0
31,17,0
582,11,1
547,9,1
404,0,0
21,17,0
194,19,0
172,1,1
368,18,0
642,4,1
572,17,0
54,0,1
0,10,1
859,22,0
288,3,0
154,7,1
137,9,0
789,12,0
343,2,0
784,14,0
323,0,0
941,20,0
528,22,1
804,4,1
771,5,0
618,7,1
485,11,1
403,6,0
676,0,0
832,5,0
440,9,1
569,17,0
349,11,1
270,12,0
659,3,0
580,2,0
294,13,0
116,1,1
89,5,0
190,17,0
202,11,0
245,13,0
452,5,0
385,11,1
845,11,1
13,3,1
528,16,1
463,3,1
664,17,0
758,15,0
234,4,0
443,20,0
504,6,0
35,0,1
453,9,0
802,19,1
669,16,1
300,9,0
139,1,1
524,0,0
169,3,1
293,4,0
992,2,1
418,1,0
204,2,1
578,2,0
306,0,1
305,18,0
703,5,1
96,19,1
975,19,1
86,1,1
141,8,1
542,8,1
867,1,1
776,13,0
132,2,0
902,17,0
527,18,0
638,15,0
150,16,1
635,11,1
245,1,1
98,12,0
552,12,1
707,8,0
763,2,0
115,9,1
943,9,1
658,4,0
322,3,1
628,5,0
333,11,0
581,7,0
982,3,1
36,9,0
789,1,1
421,23,1
551,14,0
656,2,1
853,4,1
885,2,1
514,22,1
324,11,1
785,8,0
641,7,1
687,23,0
489,20,0
864,5,1
665,14,0
697,20,0
631,11,0
624,3,1
538,3,0
708,10,1
158,8,1
312,22,1
99,1,1
315,12,1
767,19,1
241,8,0
67,19,1
47,8,1
845,6,0
246,19,0
41,9,1
750,1,1
989,8,0
644,23,0
945,22,1
954,19,0
153,23,0
280,18,0
912,10,1
524,9,1
422,9,1
494,18,0
730,8,1
878,16,1
431,1,1
10,10,1
933,2,0
339,20,0
695,22,1
829,14,0
250,8,0
606,6,0
207,10,0
787,17,0
357,5,1
340,22,0
723,7,1
400,7,1
266,10,1
571,23,1
657,2,1
509,6,0
776,1,1
4,0,0
799,12,0
451,6,0
638,4,0
971,20,0
814,8,1
59,11,0
68,0,1
185,17,0
225,5,0
922,13,0
281,23,0
340,1,1
418,12,0
887,16,0
238,16,0
378,11,1
577,7,0
109,1,1
2,7,0
112,19,0
974,9,1
59,15,0
947,5,0
6,5,1
139,16,1
209,8,0
340,10,1
908,19,0
126,11,1
949,17,0
19,22,1
5,13,0
191,1,1
953,22,1
809,18,0
867,0,0
796,10,0
198,1,1
358,2,1
287,11,1
478,20,0
920,22,1
595,21,0
983,22,1
763,8,1
49,2,0
673,15,0
86,11,1
371,16,0
889,23,0
318,12,1
458,18,0
580,22,1
450,19,1
853,15,0
289,23,0
269,1,1
652,9,1
459,22,1
296,23,0
601,6,0
364,1,1
375,4,1
750,3,0
38,10,0
232,17,0
671,22,0
694,19,0
199,8,1
677,11,1
662,22,1
32,0,1
979,12,1
803,23,0
880,7,1
771,16,0
836,0,1
376,7,0
395,11,1
117,17,0
818,7,1
879,22,1
727,12,1
309,15,0
646,17,0
141,14,0
348,3,1
790,14,0
206,1,1
23,16,1
4,23,0
525,18,0
958,22,1
397,1,0
513,8,1
499,16,1
116,17,0
152,4,0
945,3,1
100,17,0
199,21,0
245,17,0
304,1,1
990,22,1
613,1,1
198,10,1
752,3,0
542,10,1
741,20,0
239,16,1
881,15,0
25,1,1
249,12,1
480,4,0
466,12,0
338,3,1
352,10,1
341,1,1
251,9,0
741,11,1
772,9,1
833,22,1
376,16,1
432,3,1
122,10,1
130,14,0
887,8,1
113,2,0
384,6,0
425,14,0
326,11,0
812,11,1
324,6,0
27,14,0
111,22,1
321,1,1
502,15,0
757,4,1
851,13,0
840,18,0
164,16,1
603,0,1
705,8,1
630,4,1
597,19,1
668,22,1
918,16,1
537,9,1
310,12,1
113,1,1
791,9,1
22,1,1
267,1,1
443,8,0
496,2,1
446,20,0
140,18,0
241,10,0
987,23,1
404,13,0
597,14,0
351,1,1
1,21,0
177,21,0
105,2,0
682,22,1
262,6,0
137,0,1
599,12,1
326,3,1
532,5,0
200,1,1
846,11,1
935,1,1
787,19,0
321,2,0
295,5,0
381,15,0
565,22,0
96,23,1
734,0,1
924,19,0
110,4,1
488,17,0
702,21,0
46,5,0
745,5,0
552,2,0
14,4,0
264,22,1
600,1,1
380,23,0
571,8,0
491,3,0
676,14,0
737,13,0
867,23,1
339,16,1
228,1,0
167,19,1
179,15,0
304,14,0
488,4,1
29,9,1
48,23,0
700,4,0
633,8,0
83,19,1
233,1,1
445,10,1
374,13,0
820,8,1
405,10,1
74,14,0
492,9,0
780,2,0
60,3,1
739,7,0
526,3,0
638,1,1
27,4,1
47,9,1
297,16,0
370,13,0
286,8,1
405,1,1
484,0,1
879,10,0
729,15,0
681,4,0
618,6,0
984,15,0
783,19,1
905,2,0
302,21,0
48,22,1
143,16,1
914,4,1
831,2,0
533,11,0
537,10,1
454,2,1
942,9,0
733,13,0
875,19,1
385,1,1
89,8,0
217,12,1
334,23,0
614,21,0
845,4,0
653,4,1
731,12,0
761,19,0
5,5,0
680,16,1
152,9,1
564,7,1
854,1,1
167,22,0
130,4,1
75,3,0
595,2,0
340,8,1
881,2,0
615,15,0
37,8,1
723,14,0
873,0,0
940,7,0
187,1,1
272,22,1
358,0,0
252,8,1
650,1,1
421,10,0
442,12,1
30,1,1
780,21,0
926,15,0
490,13,0
817,7,1
455,19,1
593,1,1
494,12,1
251,21,0
817,2,1
928,2,1
346,10,1
595,20,0
31,21,0
672,22,0
423,5,0
237,22,1
420,0,1
999,21,0
24,11,1
12,23,1
367,14,0
511,23,1
192,23,0
4,1,1
490,23,1
762,0,0
410,10,1
669,5,0
300,21,0
198,3,0
636,7,1
7,5,0
155,21,0
187,11,1
763,10,1
994,0,1
193,19,0
983,1,1
856,18,0
369,4,1
693,11,1
946,22,1
138,5,1
277,4,1
125,13,0
738,16,0
432,23,1
731,17,0
783,1,1
883,1,0
511,19,1
870,11,0
55,5,1
767,3,1
791,15,0
924,12,1
796,9,1
939,23,1
60,10,1
58,15,0
149,9,1
588,17,0
583,0,1
262,1,1
526,19,0
275,22,1
549,15,0
356,6,0
238,4,1
723,16,1
465,9,1
246,9,0
342,19,1
172,18,0
342,3,0
350,2,0
136,12,0
874,5,1
380,22,1
903,0,1
708,5,1
984,18,0
544,1,1
615,23,1
122,9,1
709,16,1
641,22,1
671,16,1
508,14,0
250,4,1
724,11,1
493,10,0
512,11,1
85,13,0
215,0,1
241,0,1
257,2,1
87,2,1
659,12,0
119,10,0
220,23,0
898,19,0
155,20,0
334,8,0
118,14,0
378,19,0
473,17,0
867,22,1
519,16,1
773,4,0
799,11,1
83,11,1
710,6,0
354,10,0
420,9,1
13,22,1
996,23,1
137,16,1
921,17,0
86,14,0
213,19,1
906,2,1
617,7,0
449,20,0
155,14,0
462,8,0
954,3,0
134,7,1
669,11,1
855,9,1
483,16,1
729,11,1
534,8,1
437,14,0
678,3,1
70,17,0
742,5,0
661,20,0
78,13,0
322,15,0
219,11,1
396,4,1
179,8,0
999,1,1
862,22,1
952,4,0
35,23,0
469,11,0
451,19,1
804,19,1
686,3,1
113,8,1
94,11,1
359,2,0
623,23,0
518,4,0
733,10,1
700,20,0
125,6,0
980,16,1
985,6,0
313,0,0
811,4,1
736,2,1
806,6,0
692,1,1
195,23,1
960,1,1
641,5,1
301,22,1
875,22,0
202,1,1
31,6,0
347,15,0
940,16,1
929,5,0
172,22,1
857,16,0
400,4,0
326,23,1
294,22,0
592,23,1
732,9,1
450,1,1
219,2,0
570,19,0
562,0,0
695,5,1
179,11,1
173,23,0
391,8,1
917,2,0
475,5,0
17,23,1
760,23,1
916,16,1
699,10,1
548,14,0
618,2,1
453,23,0
122,19,0
978,10,0
724,22,1
979,11,1
812,6,0
714,6,0
264,11,1
440,5,0
371,8,1
689,3,0
445,5,0
949,10,1
856,12,1
168,19,1
533,0,0
213,1,1
67,1,1
234,0,1
232,3,0
852,19,1
60,14,0
284,13,0
632,8,0
463,8,0
680,4,0
981,16,1
509,4,0
848,22,1
873,22,1
837,22,0
955,7,1
78,0,1
691,19,1
379,23,0
641,0,0
972,23,0
897,22,1
807,2,1
742,16,1
393,10,1
399,19,1
461,10,1
662,5,1
410,11,0
551,6,0
408,6,0
528,7,0
179,19,0
847,3,0
718,7,1
497,19,0
284,2,1
590,2,0
360,16,1
342,16,1
725,9,1
882,5,0
187,3,1
892,11,1
839,16,1
929,21,0
297,19,1
757,0,0
331,0,0
715,23,0
755,19,0
787,8,1
820,6,0
863,20,0
680,23,0
344,7,0
551,11,0
594,23,1
967,22,1
955,2,1
147,19,0
349,9,0
273,9,0
824,13,0
606,8,1
619,8,1
115,8,1
814,10,1
210,12,1
733,23,1
131,1,1
475,12,0
387,4,1
94,3,0
584,15,0
328,8,0
599,16,1
329,0,1
348,4,1
982,16,1
299,3,1
29,1,1
435,8,1
806,2,1
367,1,1
650,8,1
135,22,1
377,8,1
318,23,0
371,5,1
793,20,0
96,11,0
166,17,0
646,21,0
328,18,0
871,17,0
923,2,0
596,9,1
487,1,1
944,19,1
912,11,1
332,3,1
240,18,0
163,12,1
280,22,1
535,10,1
358,7,0
341,23,0
574,5,1
822,9,1
478,11,1
253,17,0
763,3,0
969,0,1
255,4,0
874,19,1
177,14,0
538,4,1
6,12,1
145,9,0
84,17,0
715,22,1
754,5,0
994,9,1
498,1,1
903,22,1
673,0,0
986,14,0
27,21,0
779,21,0
559,10,1
922,0,1
855,13,0
806,5,1
869,3,1
14,12,1
280,11,1
292,5,1
605,6,0
641,23,0
415,22,1
792,19,0
653,0,0
43,20,0
429,1,1
866,15,0
635,3,1
265,23,1
654,14,0
781,1,1
803,4,0
449,11,1
890,1,1
673,12,0
252,1,1
216,22,1
916,10,0
985,1,1
768,14,0
989,23,1
406,6,0
956,13,0
589,1,1
558,16,1
896,8,0
221,22,0
337,20,0
148,23,0
519,2,0
714,13,0
734,8,0
524,2,1
159,10,0
765,12,1
349,5,1
37,9,1
436,7,1
447,4,0
327,22,1
905,10,1
237,16,1
364,16,1
926,1,1
169,14,0
953,2,1
611,20,0
128,15,0
715,15,0
386,14,0
334,2,1
699,11,1
946,8,0
545,22,1
152,1,1
742,12,1
224,21,0
226,2,1
992,19,0
951,23,1
643,22,1
120,19,0
347,9,1
382,8,1
244,4,0
17,3,0
659,22,0
151,16,1
561,17,0
321,3,0
248,9,0
382,1,1
492,14,0
677,4,0
521,1,1
267,7,0
728,3,1
381,7,0
354,17,0
575,9,1
487,15,0
462,7,1
411,22,1
683,4,1
553,8,0
765,16,1
549,4,0
652,12,1
550,9,1
895,2,1
714,12,1
429,22,1
898,1,1
865,8,0
5,7,0
349,21,0
75,18,0
448,9,0
485,1,1
896,3,1
553,22,1
897,7,1
214,10,1
78,2,1
40,0,0
871,5,0
16,12,0
785,19,1
365,2,1
647,15,0
763,22,0
142,23,1
187,4,0
144,9,1
862,16,1
226,19,0
373,22,1
223,3,1
716,5,1
713,9,0
686,1,1
138,6,0
915,1,1
892,16,1
554,11,1
275,21,0
184,10,1
278,16,1
865,11,1
53,19,0
11,16,0
294,1,1
414,3,0
349,22,1
894,23,1
517,17,0
43,9,1
526,12,0
116,7,1
642,1,0
632,22,1
922,14,0
952,7,0
959,15,0
346,23,1
320,0,0
968,13,0
769,21,0
128,21,0
8,1,0
942,22,1
451,10,0
361,19,0
935,12,0
825,4,1
525,17,0
489,17,0
752,21,0
827,22,1
734,16,1
324,2,1
878,8,1
527,21,0
976,8,1
977,1,0
917,11,0
902,3,1
575,0,0
979,17,0
844,0,1
111,14,0
108,23,1
114,10,1
747,16,1
796,0,0
81,3,0
251,3,1
449,23,0
609,12,0
303,3,0
398,10,1
726,19,1
12,21,0
116,2,1
593,2,0
540,1,1
117,22,1
54,3,1
63,18,0
593,4,0
180,22,0
716,9,1
512,9,0
616,22,0
325,3,1
274,1,0
968,15,0
819,13,0
40,5,0
408,1,1
438,5,1
634,5,1
41,18,0
166,2,1
275,3,0
441,18,0
176,16,1
768,18,0
634,4,1
692,4,0
161,11,1
473,16,1
391,9,1
28,12,0
54,22,1
169,6,0
355,8,0
772,0,0
167,3,1
543,7,1
490,0,0
944,7,0
774,3,0
337,23,0
777,16,1
292,1,1
17,16,0
916,22,1
358,5,0
330,8,0
200,7,0
28,9,1
558,8,0
312,11,0
256,10,0
951,22,1
969,22,1
338,2,1
353,2,0
835,21,0
452,10,1
189,5,1
127,22,1
308,12,0
101,2,0
801,12,1
549,17,0
919,4,0
250,2,1
340,14,0
849,11,0
587,21,0
380,14,0
34,16,1
797,4,0
799,15,0
447,5,1
992,17,0
973,1,1
313,16,0
795,19,0
75,23,0
566,4,0
870,1,1
691,11,0
46,0,1
144,22,0
485,22,1
760,2,1
901,3,1
452,9,1
575,7,0
545,1,0
549,10,1
736,10,0
990,19,0
224,19,0
316,11,1
1,13,0
938,21,0
746,20,0
227,10,1
795,9,1
42,1,1
331,6,0
83,0,1
167,5,0
685,22,1
698,2,1
195,2,1
233,18,0
298,5,0
828,20,0
883,15,0
777,9,0
542,1,1
156,0,1
629,9,1
451,4,1
704,4,0
462,2,1
944,0,0
873,2,1
822,1,0
251,10,0
678,0,0
505,3,0
410,1,1
25,6,0
817,5,1
287,22,1
567,6,0
743,17,0
544,5,0
379,6,0
10,18,0
403,11,1
700,15,0
778,18,0
968,2,1
230,5,0
443,6,0
148,1,0
656,1,0
818,22,1
356,1,0
40,1,1
675,23,0
143,3,1
706,0,1
598,2,0
216,11,1
305,1,1
973,7,1
505,5,0
560,4,0
616,10,1
22,23,0
68,6,0
574,8,0
346,3,1
386,13,0
427,4,0
394,5,0
608,2,1
592,19,1
865,23,0
778,16,1
925,18,0
270,16,1
986,3,1
609,4,0
291,12,1
238,3,0
218,22,1
313,8,1
584,16,0
457,2,0
119,12,1
424,16,0
199,14,0
981,23,1
443,11,0
158,6,0
542,4,0
460,1,1
457,5,0
75,4,1
732,23,0
790,11,1
479,5,1
824,22,1
230,22,0
210,0,0
901,22,1
982,10,1
437,21,0
307,11,1
876,5,1
79,4,1
411,7,0
571,7,0
500,7,1
611,11,0
749,2,1
989,21,0
508,20,0
74,22,0
944,11,1
901,5,1
455,21,0
484,9,1
93,12,1
337,19,1
900,20,0
662,3,1
687,13,0
784,4,1
876,21,0
106,0,0
608,4,1
556,15,0
233,9,1
138,4,1
81,11,1
57,9,1
78,20,0
337,22,0
654,11,1
96,2,0
182,22,0
870,9,1
35,16,1
639,19,0
333,13,0
255,15,0
191,15,0
979,0,0
59,23,1
763,12,1
165,16,0
834,17,0
864,1,1
778,10,1
811,23,0
48,7,0
647,12,1
715,16,1
892,6,0
213,17,0
315,19,1
277,23,0
8,16,1
826,6,0
714,16,1
786,3,0
380,19,1
657,12,0
809,2,1
788,5,0
574,1,0
162,1,0
289,1,1
871,19,1
695,23,0
84,22,1
762,22,0
591,16,0
824,0,0
494,1,1
967,15,0
900,22,1
828,12,1
859,1,1
484,2,1
667,6,0
528,1,1
32,10,1
855,6,0
17,10,1
151,19,0
387,23,1
95,22,1
469,1,1
48,3,1
571,14,0
275,10,1
496,22,1
808,21,0
959,22,1
421,1,1
802,20,0
661,11,1
283,4,0
188,2,1
343,15,0
132,3,1
524,17,0
181,1,1
960,9,1
814,9,1
923,17,0
263,4,1
183,20,0
871,7,1
855,3,0
163,22,0
21,2,1
476,16,1
276,9,0
773,13,0
874,14,0
22,0,1
148,14,0
4,3,0
335,23,0
282,4,0
219,1,0
58,22,1
184,23,0
40,13,0
168,4,1
615,9,0
61,11,0
245,18,0
239,1,1
123,1,0
563,1,1
153,7,0
917,14,0
378,9,1
306,3,1
782,16,1
286,3,1
505,9,1
470,12,0
997,13,0
367,5,0
289,16,0
200,8,1
529,4,0
466,11,1
465,22,1
984,16,1
920,8,0
234,23,0
789,22,1
647,23,1
804,13,0
94,19,1
222,21,0
642,15,0
995,17,0
965,6,0
89,23,1
664,2,1
738,15,0
617,10,1
811,6,0
169,11,1
232,22,1
987,12,0
584,4,1
473,13,0
105,8,1
759,3,1
243,1,1
905,11,1
172,3,1
598,19,1
692,13,0
370,16,1
452,8,1
736,7,1
70,12,0
111,21,0
882,11,1
905,14,0
752,2,1
199,9,1
939,15,0
629,20,0
394,7,0
174,15,0
623,10,1
60,2,0
317,3,0
57,19,1
71,0,0
462,14,0
516,2,0
369,7,0
552,22,0
603,10,0
737,10,1
58,4,1
718,0,1
26,23,1
987,19,1
434,14,0
183,8,1
545,2,1
170,9,1
473,12,1
986,0,1
785,21,0
379,5,0
160,11,0
83,12,0
14,3,0
376,11,1
715,1,0
562,10,1
49,12,0
576,16,1
999,4,0
397,4,0
359,10,0
936,4,1
782,18,0
886,1,0
131,23,1
625,3,0
912,8,1
166,19,0
301,2,0
157,13,0
23,5,1
92,11,1
617,14,0
821,12,0
587,0,1
87,23,0
285,1,0
709,21,0
156,15,0
822,6,0
974,11,0
35,12,0
179,3,1
413,19,1
324,9,1
214,22,1
415,18,0
469,20,0
344,5,1
868,21,0
963,5,1
48,4,0
247,11,1
488,8,0
928,19,0
866,17,0
899,0,1
425,1,1
692,2,1
389,9,1
775,22,1
996,2,1
646,13,0
147,22,1
497,6,0
66,19,1
515,1,1
280,16,1
524,1,1
224,9,1
903,11,1
752,6,0
444,3,1
844,7,0
15,11,1
88,21,0
729,16,1
29,4,0
925,2,1
295,12,1
19,9,1
761,2,1
388,19,1
207,21,0
674,9,1
18,10,1
84,11,1
252,21,0
445,21,0
875,1,1
595,4,1
422,19,1
814,20,0
260,17,0
408,23,1
782,4,0
788,4,1
243,4,1
62,20,0
230,8,1
311,11,1
864,19,0
142,6,0
474,3,0
154,2,1
598,16,1
877,8,0
833,8,1
585,5,0
80,3,1
831,16,1
529,19,0
813,19,0
13,2,1
346,12,0
430,9,0
14,16,0
973,3,0
749,16,1
576,21,0
54,17,0
311,17,0
679,22,0
228,3,0
325,12,1
363,13,0
169,9,0
105,5,0
681,1,1
314,1,1
999,9,1
559,15,0
885,6,0
822,19,1
65,9,0
578,1,1
31,9,1
494,22,1
432,14,0
729,14,0
353,4,1
696,5,1
271,9,1
565,19,0
961,16,0
402,10,0
948,11,1
888,7,0
670,4,1
264,16,1
542,18,0
925,19,0
959,1,1
697,22,1
797,2,1
381,16,1
801,0,1
427,1,1
796,21,0
299,0,0
727,0,0
183,19,1
334,7,1
582,4,0
744,10,1
521,13,0
129,17,0
862,3,1
281,6,0
555,16,1
830,4,1
167,11,1
779,3,1
627,19,1
956,16,1
328,3,0
622,6,0
569,11,0
64,4,1
278,15,0
358,23,1
468,7,1
690,7,0
830,21,0
838,1,1
909,19,1
56,21,0
261,11,1
117,6,0
178,8,1
367,11,1
838,9,1
786,21,0
166,1,1
77,16,1
643,4,0
271,11,1
26,8,0
590,9,1
518,15,0
489,22,1
716,15,0
720,16,1
731,3,1
461,5,0
215,8,0
173,12,1
961,2,1
938,4,1
889,7,1
89,4,1
72,6,0
810,5,0
118,9,0
494,11,1
907,9,1
28,5,1
617,11,1
392,12,1
884,20,0
65,1,1
789,3,1
12,2,1
696,15,0
675,19,1
274,7,1
550,1,1
411,17,0
633,7,0
667,19,1
891,7,1
921,1,1
702,9,1
146,1,1
382,23,1
700,22,1
649,2,1
428,18,0
687,9,1
295,22,0
332,1,1
789,13,0
923,3,0
409,16,1
597,2,0
958,3,0
519,13,0
607,21,0
862,13,0
562,4,0
153,19,1
748,8,1
61,22,1
114,1,1
581,10,1
218,8,0
651,3,0
55,8,0
194,1,1
398,19,0
33,8,0
299,17,0
618,22,1
794,3,0
765,2,0
865,5,1
501,16,1
244,16,1
103,12,1
341,2,1
86,7,0
733,8,0
574,21,0
104,20,0
916,1,1
852,3,0
142,15,0
403,21,0
494,4,0
658,14,0
698,1,1
262,22,1
817,10,0
555,9,1
222,8,1
980,4,1
110,11,1
22,12,0
751,9,1
805,19,0
418,5,1
726,17,0
589,2,1
683,1,1
677,16,1
631,12,1
124,16,1
872,15,0
50,9,1
18,13,0
397,19,1
965,12,1
397,22,1
58,8,0
754,4,1
854,19,0
784,17,0
267,3,1
574,3,1
513,9,1
966,17,0
355,18,0
689,23,1
86,6,0
585,11,1
398,8,1
509,14,0
779,0,1
269,7,0
713,21,0
486,3,1
34,19,0
196,8,1
804,20,0
96,3,0
220,12,1
903,2,0
589,23,1
888,23,1
536,9,1
613,10,1
391,1,1
159,2,1
202,19,0
392,4,0
345,16,0
115,7,0
36,21,0
246,5,0
777,0,1
705,1,1
605,16,1
203,9,1
503,23,0
183,17,0
539,22,1
667,9,1
183,13,0
91,1,0
982,5,0
122,1,1
825,3,1
602,10,1
45,22,1
63,20,0
470,22,1
660,4,0
281,12,0
893,3,1
300,5,1
393,16,1
581,12,0
305,8,1
760,7,1
719,16,1
558,4,1
196,13,0
990,18,0
635,12,0
869,12,0
118,19,1
22,16,1
813,17,0
229,7,1
76,3,0
95,20,0
436,11,0
793,2,1
237,21,0
605,10,1
368,0,0
977,23,0
375,18,0
368,22,1
901,20,0
696,1,1
813,4,0
683,19,1
647,9,1
33,16,1
606,9,1
435,21,0
517,11,1
197,10,0
85,4,0
50,17,0
717,2,0
929,9,1
653,11,1
754,21,0
478,5,0
491,8,1
961,22,1
27,19,1
25,21,0
741,14,0
195,22,1
205,22,1
232,4,1
236,19,0
409,21,0
91,3,0
770,22,1
820,19,0
342,20,0
924,5,0
34,11,0
329,12,1
804,16,1
372,10,0
58,11,1
574,6,0
538,10,1
963,3,0
253,2,1
385,9,0
158,4,1
365,13,0
594,21,0
474,21,0
149,19,1
386,2,1
290,16,1
236,0,0
358,16,1
240,16,1
733,9,1
266,19,1
836,15,0
456,9,1
620,13,0
355,16,1
140,12,0
925,1,1
701,23,0
543,20,0
928,4,0
369,5,1
76,10,1
463,11,0
101,16,1
432,16,1
95,12,1
262,10,1
904,4,0
687,10,1
523,14,0
253,1,1
764,16,1
165,11,1
317,12,1
639,4,0
607,15,0
548,3,1
636,14,0
46,21,0
88,3,1
679,11,1
385,22,1
865,1,1
962,7,0
713,11,1
307,6,0
82,11,0
999,18,0
263,12,0
506,1,1
604,16,1
758,18,0
596,7,0
177,9,1
688,18,0
102,1,1
529,11,0
771,6,0
330,4,0
796,18,0
231,9,1
232,11,1
454,1,0
987,1,1
533,19,1
21,10,1
510,0,0
429,9,0
295,16,1
935,4,1
356,0,1
670,3,0
607,19,1
628,12,1
248,10,1
665,9,1
770,0,0
256,17,0
54,2,0
336,19,1
250,16,1
579,10,1
111,2,1
499,21,0
578,16,1
597,23,1
370,11,1
369,19,1
736,23,1
617,12,0
461,7,0
762,4,1
487,13,0
437,16,1
291,11,1
139,19,0
79,23,0
866,12,1
920,5,1
69,12,1
395,13,0
712,8,0
653,14,0
367,10,1
449,0,1
573,11,1
875,20,0
780,16,1
108,22,1
807,5,0
507,14,0
602,12,1
107,10,1
416,3,0
164,1,1
944,13,0
239,10,1
419,9,0
554,23,0
269,11,0
193,17,0
893,16,0
587,16,1
136,0,0
254,10,0
562,1,1
434,19,1
79,19,1
255,1,1
888,5,1
334,10,1
957,5,0
972,9,0
243,11,1
72,16,1
235,18,0
265,16,1
774,0,1
250,19,1
315,13,0
317,20,0
252,9,1
604,5,1
309,2,0
846,16,1
5,9,1
873,5,1
541,1,1
695,11,1
504,3,1
275,13,0
908,13,0
594,4,0
92,16,1
676,16,0
363,11,1
391,3,0
865,0,0
386,3,0
331,1,1
815,22,1
932,14,0
525,2,1
587,9,1
735,22,0
330,5,0
343,8,0
213,3,0
649,16,1
57,20,0
897,12,0
258,9,1
230,1,1
455,16,1
874,2,0
722,16,1
780,3,1
806,18,0
426,11,1
871,11,1
620,1,1
438,22,1
711,8,1
329,16,1
480,1,1
616,15,0
524,6,0
713,1,1
865,12,1
415,2,0
25,3,1
600,15,0
604,9,0
143,8,0
55,16,1
533,4,1
851,8,0
210,2,1
626,12,1
655,23,0
967,11,1
914,12,0
225,6,0
661,1,1
872,16,1
30,4,0
967,3,0
78,1,1
366,4,0
708,22,1
991,12,0
419,19,0
459,3,1
99,8,0
637,4,1
710,1,0
436,16,1
697,7,1
189,21,0
346,15,0
256,4,1
814,1,1
232,23,0
689,16,0
248,16,0
207,4,1
409,22,1
458,2,1
400,13,0
641,4,0
166,7,0
954,1,1
429,7,0
834,1,1
571,22,0
514,14,0
210,18,0
668,9,1
935,9,0
509,21,0
452,11,1
618,23,1
963,11,1
185,2,1
927,18,0
159,1,1
435,1,1
666,5,1
561,9,1
556,1,1
220,17,0
863,3,1
123,23,0
308,8,0
540,13,0
584,8,1
75,11,0
444,9,1
530,8,0
597,4,1
652,16,1
433,12,0
981,4,1
899,16,1
82,18,0
863,4,0
719,6,0
521,0,0
846,22,1
72,8,0
403,8,0
431,2,1
557,16,1
860,2,1
204,13,0
30,17,0
290,9,0
867,18,0
198,18,0
315,16,1
453,17,0
593,16,1
726,16,1
735,14,0
280,9,1
193,22,1
109,7,0
906,0,1
408,5,0
626,0,1
547,3,0
338,16,1
58,14,0
155,1,0
399,13,0
131,22,1
647,17,0
438,15,0
241,11,0
909,23,1
239,12,0
807,11,0
802,9,1
248,12,1
948,5,1
109,11,1
533,5,1
746,19,1
426,12,0
626,22,1
477,8,0
325,22,0
502,8,0
537,19,0
327,8,0
400,22,0
913,13,0
780,13,0
87,6,0
758,6,0
188,13,0
974,13,0
306,18,0
185,19,0
595,10,0
433,11,1
269,4,0
218,12,0
372,14,0
365,11,1
189,22,1
41,10,1
885,8,0
99,9,0
524,11,1
881,14,0
277,17,0
534,10,1
786,14,0
720,13,0
290,6,0
816,9,1
115,13,0
635,19,1
3,1,1
41,21,0
490,20,0
963,10,0
393,14,0
980,11,0
691,23,1
234,15,0
730,12,0
948,15,0
482,3,1
717,16,1
398,6,0
99,4,1
950,22,1
899,10,1
861,3,1
704,1,1
381,19,1
674,11,1
83,14,0
224,8,1
868,10,1
415,19,1
864,7,0
693,12,0
436,0,1
535,2,1
478,4,1
504,7,1
987,18,0
495,19,0
638,10,1
548,18,0
745,16,1
714,1,1
810,23,0
300,22,1
244,7,1
180,6,0
276,22,1
753,16,0
430,11,1
451,11,0
308,9,1
459,19,1
360,22,1
795,0,0
670,8,0
817,1,0
789,11,0
22,9,1
33,4,0
35,19,1
206,8,0
779,8,0
345,15,0
624,10,1
629,2,1
228,19,0
879,4,0
41,11,1
805,16,0
651,12,0
520,7,1
326,2,1
404,19,0
707,5,1
519,5,0
54,8,0
829,4,0
191,9,1
140,11,0
61,2,1
201,2,1
648,22,1
103,6,0
520,16,1
776,7,1
554,5,1
21,9,1
360,1,0
201,4,1
847,7,0
973,17,0
201,9,0
693,19,1
75,19,1
341,3,0
474,18,0
621,21,0
467,11,1
833,5,0
313,10,1
123,10,1
839,11,1
271,13,0
623,18,0
446,22,1
809,22,1
956,19,1
633,4,0
613,13,0
984,10,0
213,5,0
604,10,1
606,4,0
974,12,1
295,0,1
47,18,0
149,20,0
852,2,0
774,2,1
946,1,1
118,16,1
487,22,0
910,14,0
10,1,1
720,0,1
51,23,1
2,0,0
337,2,1
771,3,1
879,11,1
482,8,0
75,5,1
783,14,0
636,22,0
951,5,1
737,15,0
85,19,0
823,1,1
80,21,0
843,19,0
242,22,1
931,7,0
639,11,1
50,3,0
844,16,1
624,12,1
743,20,0
374,9,1
663,18,0
802,14,0
754,10,0
965,3,1
852,8,1
5,6,0
972,22,1
481,19,1
761,9,1
716,8,0
290,15,0
872,5,0
659,1,1
932,13,0
945,11,1
363,9,0
957,16,1
762,12,0
998,9,1
831,21,0
422,8,0
244,2,1
93,7,0
725,23,1
585,12,1
622,4,0
672,2,1
978,2,0
456,12,1
186,5,1
450,12,0
909,6,0
105,10,1
200,14,0
138,11,0
269,2,1
196,9,1
4,19,0
709,2,0
745,13,0
707,18,0
757,5,1
624,2,0
950,3,1
366,23,0
779,17,0
276,11,0
712,12,1
741,10,0
652,15,0
134,20,0
438,3,0
679,18,0
93,20,0
122,11,0
483,10,1
671,23,1
971,22,1
220,22,1
82,2,1
233,16,1
549,19,0
934,11,1
102,3,1
9,16,1
442,10,0
433,15,0
617,16,1
800,10,1
424,3,1
334,12,0
585,0,0
566,1,1
682,21,0
113,9,1
935,20,0
572,22,1
998,3,0
864,22,1
49,16,1
172,4,0
429,13,0
579,5,0
698,18,0
867,4,0
772,5,1
707,1,1
47,1,1
532,14,0
526,16,1
718,11,0
521,16,1
189,17,0
357,16,1
790,13,0
333,7,1
177,5,0
339,11,1
30,21,0
150,4,0
379,4,1
644,9,0
188,16,1
851,6,0
573,4,0
397,11,1
117,4,0
53,21,0
560,23,0
487,9,1
815,11,1
483,0,1
675,9,1
155,22,1
634,21,0
158,3,0
786,9,1
236,11,1
407,1,1
472,7,1
55,20,0
113,3,0
392,22,1
731,21,0
3,19,0
260,11,1
424,2,1
333,22,0
759,16,0
997,2,0
792,8,0
85,3,1
704,16,0
57,10,0
490,3,1
479,15,0
556,22,1
387,9,0
863,22,1
217,23,0
672,12,1
763,9,1
967,1,1
655,13,0
512,14,0
555,15,0
144,8,1
889,14,0
12,16,0
644,16,1
628,16,1
409,11,1
905,15,0
265,13,0
746,4,1
691,13,0
617,3,0
934,10,0
224,7,0
112,6,0
910,1,1
838,5,0
823,8,1
663,2,1
6,18,0
287,2,1
380,4,1
153,13,0
502,21,0
308,11,1
325,16,1
476,14,0
622,11,1
977,0,1
736,1,1
802,7,0
411,2,1
417,12,1
536,17,0
24,5,0
203,15,0
944,3,1
329,2,0
235,15,0
803,0,0
647,1,0
718,3,1
35,20,0
203,4,1
318,10,0
443,4,1
957,11,1
731,0,1
877,12,0
921,19,0
743,16,0
795,10,1
677,18,0
223,12,1
277,21,0
966,4,0
240,1,1
171,13,0
835,6,0
972,19,1
264,3,0
874,22,1
510,22,1
235,9,1
186,11,0
885,11,1
695,9,0
821,22,0
433,18,0
293,10,1
167,8,0
289,5,1
892,12,1
421,8,0
549,1,1
57,8,1
597,10,0
284,1,1
362,20,0
804,0,0
623,14,0
246,20,0
293,3,1
748,15,0
104,16,1
690,0,1
609,9,1
78,16,1
932,3,1
414,1,1
809,11,1
951,11,0
383,11,1
347,16,1
395,22,1
413,4,1
580,17,0
835,1,0
258,22,1
287,0,0
889,16,1
178,12,0
183,15,0
431,20,0
612,8,1
231,3,1
470,0,0
365,18,0
938,23,1
656,7,1
90,0,0
751,1,1
433,2,0
583,1,1
136,9,1
338,7,1
270,9,0
294,16,0
546,0,1
724,1,1
551,2,1
927,8,1
775,5,0
592,4,1
708,20,0
252,7,0
569,10,1
751,2,1
411,5,0
200,9,1
351,4,0
460,21,0
790,18,0
194,15,0
46,19,0
955,15,0
804,23,1
829,3,1
295,4,0
405,2,0
428,21,0
264,20,0
406,1,0
459,5,1
991,23,0
74,10,1
899,3,0
518,7,0
496,23,1
829,16,0
416,6,0
274,12,1
539,18,0
189,9,1
625,14,0
474,4,1
865,21,0
269,14,0
625,16,0
429,12,0
85,2,1
610,22,1
922,10,0
136,22,0
30,2,1
67,11,1
696,22,1
259,3,1
147,11,1
144,1,1
766,20,0
882,21,0
972,11,1
702,11,1
619,4,1
729,2,1
371,1,1
591,1,1
25,22,1
732,11,1
718,5,0
106,1,1
70,5,0
755,10,1
957,12,1
638,9,1
157,12,1
388,18,0
952,2,1
247,3,1
680,12,1
843,20,0
56,0,1
653,9,1
500,3,1
330,12,1
288,22,1
297,5,0
4,6,0
111,0,0
48,21,0
743,12,1
230,16,1
891,12,0
12,7,1
257,20,0
121,1,1
895,7,1
135,10,1
3,11,1
86,18,0
940,5,1
469,18,0
242,11,1
328,16,1
903,16,1
704,11,1
720,11,1
497,11,1
888,19,0
565,2,1
711,6,0
477,10,0
673,3,1
451,3,1
423,7,0
241,14,0
686,0,0
211,8,0
410,14,0
495,5,1
760,22,1
380,6,0
540,9,0
329,9,1
591,0,0
462,4,1
578,11,0
529,14,0
159,5,0
701,20,0
396,1,1
272,12,0
233,11,0
606,1,1
308,0,1
854,21,0
140,2,1
769,9,0
555,13,0
150,10,1
902,14,0
187,18,0
840,15,0
630,9,1
970,18,0
229,16,1
231,10,0
344,18,0
417,22,1
718,6,0
560,1,1
411,20,0
963,15,0
526,15,0
635,9,0
789,20,0
291,0,0
133,4,0
472,4,1
9,7,1
565,16,1
500,11,1
379,0,1
821,8,1
62,7,0
551,0,1
109,23,0
657,9,1
191,19,0
951,1,1
299,13,0
107,4,1
530,7,1
750,23,0
964,1,1
485,10,0
489,3,1
252,2,0
405,12,1
374,10,1
157,1,1
992,11,1
83,16,1
242,7,1
709,1,1
222,7,0
432,15,0
499,1,1
682,19,1
619,10,0
792,0,0
248,23,1
968,3,1
582,12,1
425,18,0
273,17,0
207,1,1
586,7,0
347,23,1
230,10,1
511,10,1
477,5,0
784,18,0
999,5,0
535,3,0
147,23,0
51,8,0
671,2,1
205,10,1
776,23,0
746,14,0
32,7,0
469,5,0
667,0,0
846,2,1
48,1,1
193,5,1
709,12,0
658,0,1
190,22,1
339,22,1
390,22,1
251,7,0
318,2,1
894,13,0
396,9,1
246,16,1
807,13,0
208,11,1
313,6,0
683,2,0
356,16,1
12,12,1
0,2,1
69,0,1
692,10,1
275,23,1
621,20,0
854,2,1
428,9,1
92,4,0
170,18,0
733,1,1
947,1,1
121,8,1
627,16,1
321,4,1
454,16,1
375,11,1
607,4,1
793,21,0
131,13,0
654,8,0
205,5,1
424,5,1
311,2,1
716,18,0
244,1,0
308,5,0
504,23,0
844,10,1
951,7,0
388,5,1
181,18,0
665,5,0
689,9,1
904,17,0
178,15,0
8,22,1
38,7,1
40,14,0
389,10,1
314,23,0
428,13,0
905,22,1
310,1,1
82,12,1
982,22,1
873,17,0
728,7,0
785,0,1
790,22,1
976,10,1
67,3,0
692,11,0
477,19,0
791,4,1
754,22,0
452,13,0
559,22,0
765,19,0
859,8,1
941,19,0
457,1,1
19,19,1
260,5,0
769,19,1
64,7,0
280,15,0
583,7,0
197,16,1
610,21,0
304,11,1
952,17,0
698,7,1
793,16,1
238,20,0
554,1,1
526,2,1
132,19,1
423,1,1
719,0,1
921,20,0
226,23,1
10,13,0
838,10,1
283,22,1
169,18,0
312,4,1
324,22,1
79,18,0
368,1,1
88,16,0
435,2,0
656,22,0
123,15,0
894,3,1
936,19,1
297,12,1
124,6,0
904,16,1
316,17,0
247,16,1
994,15,0
981,22,0
221,18,0
693,22,0
212,21,0
160,1,1
567,13,0
224,3,0
942,16,1
985,16,1
12,9,1
803,8,0
830,20,0
381,12,1
486,12,1
722,22,0
102,2,1
332,13,0
393,18,0
49,21,0
331,20,0
379,16,1
271,1,1
309,9,1
735,18,0
14,1,1
263,19,1
600,4,0
129,19,0
215,13,0
287,13,0
988,22,1
293,22,0
984,5,1
666,20,0
912,12,0
316,3,0
248,15,0
661,8,0
0,3,0
953,5,0
420,20,0
595,18,0
123,8,0
590,16,1
483,1,1
412,12,1
